LST,NDBI,NDVI,Latitude,Longitude
31.156283750000057,0.0319764683556314,0.2534709423762133,23.27186702680058,77.3627795464764
31.349401880000016,0.1028530328458403,0.1123662306777645,23.182363413491856,77.45504050632374
29.766858619999994,-0.0655141037306642,0.4938606282889491,23.232723207459888,77.49408624154199
31.71171200000003,0.0199406024607551,0.2959326788218794,23.330403988016613,77.4405373767952
34.45638206000001,0.1087260849276714,0.3625014861490905,23.21210521042225,77.40512652538897
33.69074558,-0.0622796709753231,0.519559902200489,23.21808550325359,77.3447221378594
29.48487197000003,0.0908250519990755,0.2039785768936495,23.241307045848956,77.4359359440187
29.924087540000016,-0.1445224533050735,0.676693188433922,23.201294122659384,77.4572973724032
31.31693069000005,-0.176014684886804,0.552922165364934,23.328994009008735,77.38830847001161
30.16163992999998,0.0282995241672927,0.2113643459256946,23.30385028416668,77.37883265783054
31.038362060000058,0.031441717791411,0.1943262411347517,23.27376053212133,77.36384468213187
29.689953170000024,-0.0620689655172413,0.4959236773633998,23.24708654094678,77.40174811175869
32.44829531000005,0.0321265492498369,0.3884664873084571,23.284281955658027,77.3819001388869
31.161410779999983,-0.0318708609271523,0.2638783269961977,23.339603644230717,77.40767953898911
28.741452620000015,-0.180720564087704,0.4867428849428363,23.23383263598311,77.49975908674976
22.96158079999998,-0.2586750788643533,-0.1987951807228915,23.240809592094585,77.3325072705833
35.05282655000002,-0.0167480141640348,0.1836007130124777,23.20102800207086,77.35565227167496
31.86894092,0.0553752535496957,0.3370657479184611,23.18754250908395,77.44672531686454
34.07014579999998,0.0405895691609977,0.1876491228070175,23.296552898882062,77.32830010146938
29.30371691000005,-0.0279435702658708,0.3190600522193211,23.237137893853504,77.50210569002223
29.48999900000001,-0.2107733115690675,0.5373056994818652,23.31389856822838,77.40870681470516
28.05443060000005,-0.1425349571493008,0.5129162311482753,23.214608643976774,77.45412228011452
29.816419910000036,0.1182043762688924,0.1258640552995391,23.25488354710779,77.40381167616594
33.01055960000002,0.1091611091611091,0.2064649025511012,23.241891855494924,77.39442721983023
27.880111580000005,-0.1387823585810163,0.5242220083413539,23.191409667430054,77.44935297593365
34.10774402000004,0.1248174362431187,0.1597439333035581,23.28512023352075,77.42216184986776
33.84797450000002,0.0939117574562484,0.0893465698622018,23.240368546055496,77.4869652967968
33.69074558,0.0638519676830857,0.1831357048748353,23.30562881575951,77.47587560583335
33.91633490000004,-0.0991762767710049,0.4381376634573933,23.23335003098868,77.39236443173185
27.743390780000027,-0.1835651074589127,0.6599290780141844,23.23662149496933,77.40671742860516
32.09794826000001,-0.0014358974358974,0.2260170768458061,23.306424890608017,77.41345818044
28.385978539999996,0.0412193505632869,0.3625918252024863,23.240290140275405,77.41691255622652
29.83521902000001,-0.0541441066222407,0.5367334547662417,23.30720550991168,77.44379838608256
28.855956289999995,0.0608068829205906,0.3470068367517092,23.17472159283964,77.38882232192563
34.58968484000002,0.0259228288137617,0.2168333084614236,23.28672889067507,77.42100083641387
29.23193849000006,-0.0693252956178993,0.3604719764011799,23.283549314687185,77.455399083032
35.254489730000046,0.2253708213415984,0.289003499723706,23.181066553047064,77.37321592751505
31.462196540000036,0.0013239187996469,0.267077267637178,23.29344393604954,77.45943008260015
33.193423670000016,-0.1242405195893568,0.447531696789857,23.327356287794977,77.36568199662514
31.181918900000028,-0.0396099939061547,0.3293506493506493,23.295995085220547,77.44199135463195
33.051575840000055,0.0535952698836543,0.4072603516732841,23.292474292107407,77.4671537100464
29.932632590000026,-0.0419177028586078,0.2885225110970196,23.209661057754847,77.39394554194429
29.49341702000004,0.041211621677313,0.2565487442614096,23.256396866732064,77.48682776530055
30.713650160000043,-0.0131855532199503,0.3560102301790281,23.3134203419874,77.486238870509
28.080065750000017,-0.1309260079751883,0.6631373187815606,23.220402030665223,77.36580443100799
31.451942480000017,-0.2141377209018891,0.5392459826946848,23.216382453627975,77.49187612780474
29.932632590000026,-0.1590543952260729,0.4866058286723579,23.31907049873293,77.38738791984103
31.414344260000007,0.0237280401551448,0.4299081035923141,23.235981398857504,77.38385284842909
30.42653647999998,-0.2003693444136657,0.5262694452597593,23.320023831168065,77.41562189770622
31.28104148,0.100502512562814,0.2483024408148284,23.174069202011005,77.43321281194251
33.530098640000006,0.0846138883485703,0.2949917446340121,23.30614005198953,77.47199891107438
28.69360033999999,-0.0504885993485342,0.5458358298382265,23.17982686127172,77.38824875275296
31.11355850000001,-0.0212581344902386,0.3654292343387471,23.32031384776255,77.44924296953583
30.585474410000018,-0.0788114953726254,0.5060519515843873,23.21475385245743,77.3366558441972
30.392356280000055,-0.1102115915363385,0.4742242853652577,23.314695530702693,77.37755001547406
28.60814984000001,0.1308454629916382,0.1281278263491106,23.238917758146,77.41034938389522
32.13896450000004,-0.0211420667852203,0.3851514339319217,23.281234481293374,77.45603821462933
33.19684169000004,0.125638911788953,0.3021485573971761,23.282243662153117,77.32055129815824
28.232167640000057,-0.2567049808429119,0.6074284240392056,23.345842211083426,77.42246481063474
29.595957620000036,-0.0556710051405446,0.355998876088789,23.27369048383952,77.44757037377751
29.39429444000001,0.0298984034833091,0.3981313624320178,23.172601822226813,77.40770699683773
31.73392912999998,-0.093891133824578,0.3859358530341816,23.247268469610653,77.39956631634408
31.863813890000017,0.1264597931264598,0.0603483191575536,23.264164501782833,77.4036361294879
28.567133600000034,0.0380796298081557,0.1350244568308497,23.18624261880058,77.4563854105019
31.988571620000016,-0.0429482636428065,0.1948684637869438,23.216305002224676,77.4463437478509
30.947784530000035,0.0211337642963699,0.3296183721715636,23.1944380564909,77.41051106214246
29.54981435000002,0.0359422237151494,0.1158631415241057,23.203593921245957,77.43540860953998
31.80399854000001,-0.0107286544479213,0.3969725054062403,23.322939861912538,77.3664456706516
31.72196606,-0.0295551177019599,0.4092264017033357,23.2225604296141,77.37126996516648
30.50515094000002,-0.1411249578982822,0.4673018622780424,23.219105987137475,77.38955490586861
34.347005420000016,0.1413938174501554,0.2652291105121294,23.205813097018833,77.39085259387306
31.720257049999987,-0.088326268759308,0.4606396063960639,23.194824505550645,77.36465073027695
32.726863940000044,-0.0016143497757847,0.2362187292450741,23.29334253976958,77.45803001039766
37.73939027000006,0.2263010733291242,0.1792686279901017,23.28736720943799,77.33627297782355
34.92294178999998,0.1044718581341557,0.3774088348651052,23.306593941964472,77.34636307242717
26.69064062000001,-0.3799575466428332,0.7246579167830215,23.23544510430284,77.33769934510494
34.27522700000003,-0.0056702200045361,0.2657721952612046,23.273335777488747,77.43774556171898
26.17622861000001,-0.4212765957446808,0.6169983862291555,23.2304668112192,77.32324454627096
33.14215337000002,-0.1106480103205319,0.5396890906589628,23.20313412189083,77.33860327582961
28.69018232000002,-0.2846226035661617,0.6719595184086546,23.232358184237455,77.4123879882143
32.964416330000006,-0.0176484070593628,0.3975448536355052,23.311438815166277,77.46530765151219
31.339147819999994,-0.1282894736842105,0.4591309632330598,23.33206602269142,77.38948201350539
33.499336459999995,0.0257749517429317,0.3807531380753138,23.254232196598178,77.46749025448618
32.50811066000006,0.0553983016579053,0.3348571428571428,23.331276965584085,77.38982596101094
34.14876026000002,0.0034036759700476,0.2240802675585284,23.306862691601932,77.48822387765809
30.718777190000026,0.0153558052434456,0.3932167461579226,23.329397607493732,77.38276331809756
28.792722920000017,0.1159337521416333,0.1847543242002143,23.198521373450383,77.4593505758282
28.80981301999998,-0.1332747510251904,0.6201842546063652,23.216466907795716,77.42245056585911
30.06080833999999,-0.1503371677905593,0.5092375748113454,23.341179488550193,77.44455803341481
30.99221879000004,-0.143502824858757,0.4481969089868345,23.3115763777506,77.46098112429853
33.33185348000001,0.0830638455141827,0.1002217294900221,23.254945306457255,77.45003576556257
30.939239480000023,-0.0665168539325842,0.4347037484885127,23.33940285208139,77.43647449549115
22.836823070000037,-0.0324074074074074,-0.4520884520884521,23.234391323704266,77.32501940361225
23.098301600000013,-0.4289693593314763,0.3451327433628318,23.257641143155812,77.3201324432498
23.802413720000004,-0.4515625,0.0153005464480874,23.265476846842176,77.49497204715374
32.32011956000002,0.0018739352640545,0.3781018464071504,23.25690178014641,77.4709553222881
30.464134700000045,-0.0899619878924398,0.5761400651465798,23.215468289778823,77.42400673615646
34.49056226000005,0.0819343522926584,0.1861443832955649,23.241353334221873,77.48758838936071
31.87748597000001,-0.0337810337810337,0.258048538880634,23.30153025752688,77.43359866309218
29.729260400000044,-0.0114226375908618,0.4308499475341028,23.202911508512845,77.37435617936933
27.82884128000001,-0.0913043478260869,0.4856466410180526,23.34547106745068,77.3830390210933
29.262700670000015,-0.1893715731758751,0.6165090283748925,23.318081956204463,77.40074493221103
29.84376407000002,0.0977771716896222,0.1259360108917631,23.22962411732935,77.49679976834557
28.100573870000005,-0.1609935602575897,0.502828222685323,23.345880316816785,77.4274510414134
30.778592539999977,-0.0205618302924992,0.329811320754717,23.1999219203403,77.44079592691998
30.23170934000001,-0.2579693595965363,0.6911858769348855,23.21522334437808,77.36163010348979
36.58409950999999,0.135523613963039,0.1607389026743865,23.309171249329925,77.36747426769982
30.101824580000027,-0.0430795682491164,0.208766880673013,23.23524968641868,77.48871030150484
33.61896716000001,0.0215348472983555,0.380281690140845,23.286885676916903,77.48123392237655
33.0447398,-0.0806757972608217,0.4747612551159618,23.2318083284432,77.33937196536667
23.20596923000005,-0.1440677966101695,-0.2278360343183984,23.19940998597375,77.38820571403092
28.801267970000023,0.0940964654600587,0.2716147911678638,23.27713870293662,77.44472029879586
31.665568730000015,-0.0139925373134328,0.3781299524564184,23.320767083869427,77.47345092111492
33.430976060000035,0.0805687203791469,0.3764002987303958,23.306310350688463,77.40880499086272
31.18704593000001,-0.0463383960530134,0.1548152893444373,23.28211336238277,77.37329420628565
35.01351932,0.2618563984809679,0.1957081545064377,23.176975899548356,77.37493947009206
33.28571021000005,0.0432810432810432,0.3448459086078639,23.30835961969271,77.38418589281157
29.20801234999999,-0.1719209751996637,0.5471698113207547,23.34546018792183,77.42270286778908
29.59253960000001,0.1018673535093367,0.1284789644012945,23.264466822545263,77.43364957778475
30.81619076000004,0.0198734515640317,0.2738012508686588,23.272880139798527,77.31799760452039
30.990509780000025,-0.2187349106711733,0.623934373492038,23.239779322861747,77.40255171853991
22.76846267000002,-0.3070063694267516,-0.1882911392405063,23.248069364632016,77.35184859170975
28.878173420000053,-0.0493363385925369,0.3630448926480156,23.30192109631627,77.45002160571256
33.25494803000004,0.1022607473351294,0.0877093386318478,23.260513893822942,77.40711987066209
32.15092757000002,0.1306586188531865,0.2566076469078778,23.239491180230957,77.37635863522912
28.33299923000004,-0.0164549052280774,0.2261306532663316,23.19592529596733,77.46966002847812
32.55596294000003,0.0155749475312051,0.3429776974080771,23.246689619931775,77.48039859570946
31.742474180000045,-0.0365540407034183,0.460467706013363,23.295128262334096,77.38660976901768
31.39725415999999,0.1849012775842044,0.1173380035026269,23.270551237270837,77.33890312596456
34.152178280000044,-0.0096167247386759,0.2083402835696413,23.222505588199493,77.44241196889338
29.71558832000005,0.0160274756725815,0.2125558429343992,23.27757808578675,77.37685823655102
27.881820590000014,-0.3966228893058161,0.5946872322193659,23.25811834419204,77.49233546238516
32.005661720000035,0.0819133292967736,0.2595229619081524,23.19798690547453,77.45158829267982
28.679928259999997,-0.2105463303333755,0.6414575455482984,23.25727702023949,77.44025191098663
33.266911100000016,0.1267939746174831,0.1065684653539756,23.268864321493155,77.46643103121447
30.245381420000054,-0.0479145122371596,0.487279843444227,23.2440350436022,77.45437383845258
31.369910000000004,0.0866425992779783,0.1962174940898345,23.245967337213308,77.50213107885268
31.469032580000032,0.003322971379569,0.3944211157768446,23.277993911061028,77.32646085219595
23.197424179999985,-0.3873417721518987,-0.0758853288364249,23.242650509934297,77.34175110673061
30.886260170000018,0.1419129796218101,0.2556077904633982,23.2606458396494,77.40336736141953
30.84695294000005,0.0986418870621872,0.3284171714511456,23.326036338428978,77.4499204417048
30.85891601000003,0.018095238095238,0.3870577155926274,23.23329785809351,77.35962614362545
27.314429270000005,-0.2082474226804123,0.5740934188927026,23.266582965080268,77.50431518545051
30.330831920000037,0.1109864212770732,0.1292943692088382,23.18751694995446,77.41202974101209
30.144549830000017,-0.0559502664298401,0.4624846248462484,23.31099789250401,77.45062634855424
32.93878117999998,0.0042702838482793,0.338510889751815,23.253239704607704,77.47359899233592
36.86266813999998,0.111862496477881,0.181261711430356,23.20503904702001,77.39973103062272
33.34210754000003,0.1725598136777472,0.2011679729522053,23.26383558253756,77.45004899516434
29.879653280000017,0.083986816683714,0.1000409444520267,23.259819734821175,77.39979750590184
33.20709575000001,0.1165085388994307,0.3174872665534805,23.288741893249284,77.49841772787302
31.492958720000047,-0.1464520516889594,0.6496493231120535,23.245785778080293,77.47651630180862
31.267369400000007,-0.0485977306786555,0.4439858490566037,23.31838328895534,77.41190597879391
30.20778319999999,-0.2112994350282485,0.5296803652968036,23.297997010770647,77.4613256161769
31.146029689999978,0.0765931372549019,0.1872373949579832,23.26683541942202,77.46235043078016
31.28958653000001,0.0273790536948431,0.3755639097744361,23.256250638139136,77.3968157688026
32.596979180000005,-0.0617332417312788,0.3014918190567853,23.273672527230637,77.46828564239712
30.27272558000004,-0.0179410918161757,0.2095303237574099,23.191316969055112,77.43702880993423
22.62148781000002,-0.2528089887640449,-0.2408510638297872,23.245858839857505,77.3615277857224
31.395545150000032,-0.0520173805090006,0.5871886120996441,23.22360689106261,77.45045857119958
29.811292879999996,0.0643023798413439,0.2036014405762305,23.270867646142964,77.36530948752011
33.34723457000001,0.0101087163837497,0.3550913838120104,23.291648159327607,77.39686043090538
30.65212580000002,0.0289432353601076,0.2469029098242581,23.227914058771745,77.41324867378978
30.92385839000002,0.0630759453447728,0.2934854134678658,23.192601895569453,77.43947215133066
32.94390821000002,0.0319495761790915,0.3993088281495444,23.24107555664662,77.48566090769788
31.75272824000001,0.0128322639780018,0.4355214928357214,23.346552347923083,77.40265852830531
31.749310219999984,0.0495329133174016,0.1601697162556351,23.270726580073053,77.4755521435779
28.57738766,0.0464790251267119,0.4461890742558063,23.207099748877575,77.47733363424916
29.81983793000001,0.0090426027780367,0.2626202636892742,23.188991177837615,77.43102984879599
30.27956161999998,0.0511854103343465,0.2627831715210356,23.230724199427307,77.48787746718692
33.04986683000004,0.0215462610899873,0.2269903193180176,23.230843108306814,77.39028306661699
32.79864236000003,-0.0120948234155781,0.3817701453104359,23.290948703776458,77.48224309187466
26.23433495000006,-0.3444553483807654,0.7464589235127479,23.262061782994767,77.33414068209927
30.481224800000007,-0.0414406094886298,0.4951939012263838,23.213340964624837,77.40207602643395
23.09659259,-0.3285198555956679,-0.1501154734411085,23.251694239237683,77.3508914160614
36.609734660000015,0.0256844482077335,0.3276923076923076,23.317132192840923,77.36444390938539
28.91406262999999,-0.2688333646439977,0.5993369642434289,23.32886011998458,77.35455475195621
30.337667960000033,-0.0104166666666666,0.341897233201581,23.34360542125958,77.38073307916376
30.575220349999995,0.1252720677146312,0.2032601463739188,23.260550564208025,77.3820347684613
28.485101120000024,-0.0169558359621451,0.2878901373283395,23.273493973236185,77.43020033178324
29.460945830000018,-0.2187930017692156,0.5581804473485801,23.328289826512343,77.36025202539906
30.57692936000001,0.0083665015027211,0.5500253936008126,23.28352648034774,77.39213559157389
32.86016672000005,0.0561140559312739,0.1928851928851928,23.2782036345457,77.40383148478547
30.195820130000016,-0.0225600784698381,0.3844621513944223,23.325077922753497,77.37537076643616
30.946075520000026,0.0920999866328031,0.1580562659846547,23.199269829224317,77.42079624770149
33.78303212000003,0.0955585464333782,0.2499003587086488,23.2675710765472,77.46587092324242
27.398170760000028,-0.0859527846615364,0.5736155736155736,23.19765740534541,77.42535980638755
32.743954040000006,0.0799651061355045,0.0963270963270963,23.27102157528488,77.40689349412989
31.06741523000005,-0.0617386777719937,0.4648089629416834,23.188901398198,77.35625466206606
27.58616186000006,-0.0392240460456192,0.4291996481970097,23.203863842410342,77.47897284014066
32.19877985000005,-0.0393283252319929,0.2587637142092587,23.34266664963184,77.41244470128464
29.202885320000007,-0.1249007373794668,0.4543854502786741,23.2622097996197,77.49900194643658
29.896743380000032,0.0853349426674713,0.1812938425565081,23.18655414580555,77.43394117783843
28.756833710000024,0.0306170513424399,0.273042187306693,23.256946939707028,77.50330601773902
30.030046159999984,-0.1395858708891595,0.4197268588770865,23.211397704657305,77.38892913254276
31.234898209999983,0.071113782051282,0.1362411173731928,23.26447765745915,77.43212594487314
29.736096439999983,-0.1776057176891006,0.5575862612257759,23.23314758382779,77.4107033063452
30.19240210999999,-0.1823361823361823,0.5768566493955095,23.19811894746783,77.44085728610222
30.27956161999998,-0.0136062071292027,0.235302178977662,23.21956857489013,77.48866349308845
31.655314670000053,-0.0417155659874106,0.3300640239749353,23.284411269635346,77.35572070117557
32.66533958000002,0.0820002012274876,0.1012673506336753,23.245888078985153,77.42251625849897
30.50515094000002,0.0836629145117128,0.4138632451885464,23.2335316432882,77.36845403494057
32.074022119999995,0.0024267313795034,0.3244114002478315,23.32420804669584,77.41254967548835
27.28195807999998,-0.0699810861929208,0.4337436640115858,23.333803546040144,77.42700423655663
32.554253930000016,0.1825471698113207,0.340553084509766,23.184743484912868,77.37665630230083
30.508568960000048,0.0198376916140667,0.258465991316932,23.26784945776893,77.45943663399834
27.473367199999984,0.001860374033095,0.2424131627056672,23.279955948401707,77.44273760782815
23.802413720000004,-0.1134289439374185,-0.1851145038167939,23.200745598031975,77.38549768328743
29.693371189999993,-0.0921173704120233,0.3790343403046733,23.269798671437336,77.48454644495963
28.454338940000017,-0.0883359963478657,0.5518307567127746,23.268904981970117,77.50569256395902
32.26201322000003,0.004430660168365,0.2810718358038768,23.335649435652247,77.41078989443555
30.674342930000023,-0.059820412292905,0.2620481927710843,23.229484064587403,77.49261466762809
31.094759390000036,0.0615967230852461,0.2650552198374661,23.256742122396144,77.4843981995954
28.11253694000004,-0.1334453781512605,0.5517717441325357,23.19046493414809,77.39107110372915
31.082796320000057,0.02803738317757,0.3254901960784314,23.338627912403297,77.45379429518206
33.60187705999999,-0.0332892998678996,0.3341292853487975,23.23280161389304,77.45053166203446
28.70043638000004,-0.0437172120909318,0.5479807336050388,23.18115633248149,77.3913354174527
28.826903119999997,0.0352811466372657,0.1991229272303686,23.238974231192618,77.44041586188449
30.334249940000007,-0.0115315900600942,0.4933461215681572,23.288091865976057,77.37859322064904
29.284917800000017,-0.0218945487042001,0.5953958841995117,23.28919305105512,77.45133268730747
28.965332930000045,0.0290798611111111,0.2847092605886576,23.212135356050936,77.47728428555483
32.043259939999984,-0.046530320621595,0.167829380107634,23.271380553673623,77.47282650405467
30.73415828000003,-0.1130389744917778,0.536097212294496,23.220225486345452,77.49160291586587
22.0387154,-0.3119266055045872,-0.1781609195402299,23.25165387751295,77.36788491454406
30.421409450000056,0.0579574666978265,0.2090581883623275,23.244529510061984,77.49130511567614
31.10501345,-0.1343561134356113,0.5331448319195727,23.33915936805677,77.4123491375867
32.13041944999998,-0.0475379939209726,0.4753424657534246,23.24542227329499,77.47694574937685
28.958496889999992,-0.0764063811922754,0.4157923799006074,23.29402342643203,77.44784249573007
31.968063500000028,-0.1798446524596693,0.5143149284253579,23.31631058261136,77.4587415000974
35.34677627000002,0.0509138381201044,0.2724620770128355,23.295843307981233,77.37609092365236
30.782010560000003,0.090195246179966,0.4527278888512369,23.29276042308784,77.34529792329802
28.11937297999998,-0.0895450145208131,0.4536648369389732,23.33963387920142,77.37615072760589
28.46117498000001,-0.1899352632221815,0.6889736477115118,23.23595250831237,77.45280155893275
32.403861050000046,0.018923713778829,0.3078439101300749,23.315307241434752,77.37080146474868
28.948242830000027,-0.0509718365727885,0.2123083962479981,23.2575925074886,77.37137595713203
31.95097340000001,0.0564735411001882,0.101318359375,23.21367004297311,77.43167177260511
31.83817873999999,0.0290706910246227,0.3124328967146231,23.27310245267899,77.41646813238259
31.304967620000017,0.0260924904539669,0.1912298910223144,23.25316381056644,77.4289453201144
28.62182192,-0.3402890990109771,0.674633351439435,23.232455695970895,77.3204619165849
31.01785394000001,-0.2153509644064426,0.5481256332320162,23.328466585451896,77.43219761346268
28.943115799999987,0.0086547708088471,0.1328449328449328,23.23528804887926,77.49878392217752
29.99586596000006,-0.2366992399565689,0.5138224348750664,23.22185527889528,77.32889969097674
28.519281320000005,-0.1910745742806811,0.6683665076492844,23.225176138764404,77.32384969408096
30.294942709999987,-0.01603885986619,0.3155334045330485,23.267767812663315,77.37019210862563
28.380851510000017,-0.0957962813257882,0.4212319790301441,23.22024580739005,77.43073556517156
31.356237920000012,-0.0579874010660636,0.4772214704555706,23.307020403418715,77.43067623892412
27.40329779000001,-0.2279814580699536,0.5687752355316286,23.34801083993508,77.42360208044668
32.450004320000005,0.0410217372917195,0.4140683462210027,23.2727033851132,77.47488636187691
31.61258942000001,-0.2063566253797616,0.5628216772630942,23.299938268280098,77.42827990152148
32.02104281000004,-0.1556842867487328,0.5987406983400114,23.280978094539673,77.31616225057383
28.908935600000007,0.0618292113859076,0.2730726610732943,23.24375304494226,77.41359440080943
30.891387200000057,-0.2250974831619993,0.6903888481291269,23.343133301423727,77.41559214404502
33.003723560000026,-0.1232811759127548,0.4418746195982958,23.311740122228223,77.42903866764972
30.72390422000001,0.1068326880820341,0.114796917852945,23.28449090955186,77.42447058458808
31.71854804000003,0.0992248062015503,0.3740638549467875,23.233570876234957,77.42616567430566
33.66681944000004,0.0431302801244997,0.2905547226386806,23.320536579263624,77.46052253968755
29.431892660000017,-0.0847729092781146,0.545558272208639,23.234679870635915,77.36432417460279
28.76708776999999,-0.2206994847056244,0.6332697667595717,23.262688482439504,77.3669382614574
33.18316961000005,0.0039306358381502,0.2948602344454463,23.310005925132273,77.47237110415323
33.39679586,0.104595618514248,0.1685296646603611,23.28686592749728,77.35411091299262
32.02958785999999,0.1080297491491239,0.1317978246960972,23.217372079831367,77.38678120503498
32.81231444000002,0.0247200080718393,0.0697211155378486,23.23443392066766,77.43345399853072
27.374244620000013,0.002770083102493,0.3587236232629954,23.20461199035532,77.47597485225766
27.967271090000057,-0.1061136851621652,0.5640779801853627,23.26997729048588,77.36203481236922
29.83180100000004,-0.297644539614561,0.5844123505976095,23.222610642741625,77.33006412532944
28.498773200000016,-0.0807123239124656,0.5304893350062735,23.18951445791747,77.42767353199787
34.09919897000003,0.123076923076923,0.1321917808219178,23.277052439703994,77.41597216338445
30.76662947,-0.1116719242902208,0.5176571920757967,23.30016788354098,77.33320650300672
29.105471749999992,-0.1858974358974359,0.5159792406446326,23.339139871419224,77.37234444880251
30.136004780000007,-0.1619318181818181,0.5124141574220814,23.32912069526813,77.4040528105099
29.384040379999988,0.0691086691086691,0.0777495052304212,23.186547725191005,77.41667256014098
23.716963220000025,-0.4015009380863039,0.1241534988713318,23.240416513365417,77.32832312769817
22.69155722000005,-0.2539184952978056,-0.2812219227313567,23.243597466872018,77.35537875517487
27.92625485000002,-0.2179386309992132,0.6763613861386139,23.206673865202713,77.4783386443217
22.623196820000032,-0.1908646003262642,-0.2603850050658561,23.25284395543544,77.39143934452963
32.05009598000004,0.0427141811081279,0.2313971742543171,23.29476917702845,77.42450998154013
30.303487760000053,-0.1180960933991917,0.4285714285714285,23.331830173268862,77.45234292274797
32.287648370000056,0.0189469485440765,0.3688604424655628,23.223776634401844,77.43015906268938
29.10718076000001,-0.0192771084337349,0.2880633373934226,23.333655452509507,77.41328086390438
31.344274850000033,0.0189609404626469,0.3075562294667677,23.33393337364338,77.44161609949529
30.41286439999999,0.0386762765201502,0.1937476364553132,23.24588591387035,77.494643628755
31.492958720000047,-0.1088216355441081,0.57548032936871,23.315152055589603,77.3450904280447
30.85891601000003,-0.1533442088091354,0.5432469304229195,23.32574807277968,77.44206421192638
30.90164126000002,-0.0096040438079191,0.2596174059281059,23.34469505758225,77.39728693313658
30.80764571000003,-0.1391360972433253,0.5435294117647059,23.321507977573365,77.4195097284185
29.496835040000008,-0.1649214659685864,0.4638157894736842,23.347821896740808,77.39981959507429
30.52907707999998,-0.1987075928917609,0.5339029768467475,23.179189902708828,77.44846785046951
28.165516249999996,0.0184485920811306,0.2888511120555319,23.24221161917795,77.38625577609915
31.63138852999998,-0.061656050955414,0.3793445878848063,23.233873691277317,77.3901385859951
27.722882659999986,-0.2046991022941372,0.6190050640452786,23.23419412853797,77.50233184506628
33.976150250000046,0.0419924703156675,0.2876605683145192,23.31527694658433,77.35358148057551
28.753415689999997,-0.160035762181493,0.516213847502191,23.329674400885995,77.41323392818164
33.32330843,-0.0047677126067191,0.4017014694508894,23.25532999818946,77.43732515385493
31.376746040000057,0.0471801623875356,0.230028328611898,23.20070805640423,77.36407989794908
32.72002789999999,0.0943562610229276,0.1338669610819762,23.29481402524681,77.42878654032376
29.04907442000001,-0.1085659747077069,0.4742186260510868,23.25752006741115,77.36408793532925
30.334249940000007,-0.0648750787318916,0.4247191011235955,23.293732561695276,77.4411284809898
31.759564280000006,0.0763852473343821,0.1187804361634554,23.266791122387183,77.39533199651174
34.91610575000004,0.032258064516129,0.4243323442136498,23.317681733422532,77.35758326813014
30.036882200000036,-0.1494897387013569,0.6428914890206764,23.18790994045508,77.40693799866602
28.85937431000002,-0.1815812337098175,0.6007061939090775,23.266494564219904,77.32396979514834
31.306676630000027,-0.0544217687074829,0.4268180423442774,23.338276449483025,77.38129402336804
25.313178559999983,-0.4803234501347709,0.162082099026661,23.269971196355456,77.49118119100147
30.51027797000006,-0.0187514835034417,0.4137022397891963,23.33760536403779,77.38456813790758
23.42643152000005,-0.4046511627906977,-0.0289389067524115,23.281122091447287,77.49664106894136
32.484184519999985,0.0490500863557858,0.091593973037272,23.23753121533835,77.40086036997342
32.00907974000006,0.1157314629258517,0.1461038961038961,23.33286201896606,77.38886755641747
31.375037030000044,0.0576114381833473,0.1209203451294235,23.274511723857643,77.36884406763573
28.481683100000055,0.0398773006134969,0.2742076184937482,23.206287762564077,77.45880235610899
33.639475280000056,-0.0579762333453366,0.4903618532296246,23.249718744122532,77.46466874800164
34.54012355000003,0.0346860122421219,0.3368916797488226,23.319567039809417,77.46934906518253
30.21632825000006,-0.0818558233358106,0.3736856295497439,23.221304916835116,77.48989446382524
33.492500420000056,-0.0075614366729678,0.3829189189189189,23.248957642562303,77.46628305747247
22.976961889999984,-0.1335311572700296,-0.287977632805219,23.22996847993864,77.35436478955108
31.453651490000027,-0.1114252061248527,0.4850487881649354,23.207709780818917,77.34858172272592
30.177021019999984,-0.2171651495448634,0.5466813549986229,23.31401155454695,77.44578749938026
32.24150510000004,-0.0492213035954624,0.3673264845903282,23.19320880311966,77.35827243894914
28.963623920000032,0.1123082328141468,0.1959608709372041,23.277195636417726,77.43326658844182
31.991989640000043,0.1152798789712556,0.1397388423309296,23.238465742675572,77.45947696182384
27.36228155000003,-0.2693239374587095,0.6409964412811388,23.27099019055667,77.35019737774131
30.195820130000016,-0.0970024979184013,0.3934426229508196,23.31784994880113,77.40039172518703
28.59105973999999,-0.000957723354768,0.3977837218188765,23.18787741946994,77.39454524918028
28.748288660000014,-0.0374125030171373,0.3893647971553257,23.2262537965506,77.46178808416549
30.341085980000003,-0.1894977168949771,0.6450899905273129,23.28865113346883,77.42786169001855
29.888198330000023,-0.272572402044293,0.5742887249736565,23.318185543276293,77.39664417083429
31.533974960000023,0.1015511892450879,0.1852660300136425,23.3029163295882,77.3436072417889
22.033588370000015,-0.3432155074116305,-0.046925566343042,23.25589714285054,77.31561888301282
33.037903760000006,0.1105501209635005,0.1146849459530714,23.267052147774812,77.47350609940614
33.65314736000005,0.1431877350303731,0.3152753108348134,23.20677032803427,77.34517657920561
34.147051250000004,0.0636632457818751,0.3875499420028354,23.195501800810256,77.357295694105
30.554712230000007,-0.0847985755619853,0.4339511621065019,23.29312320894588,77.38877998164419
32.104784300000006,-0.0603711533944092,0.5939265536723164,23.298431418185924,77.35480370123138
22.929109610000012,-0.0806451612903225,-0.4236559139784946,23.232680833801652,77.35146813093733
30.416282420000016,0.0236386661038412,0.3003513703443429,23.268634535268408,77.43620172848865
33.04303078999999,0.0791943684004693,0.2949264402584903,23.241162560357154,77.48336323580551
32.05009598000004,0.0487873926582995,0.0945813877728309,23.272849619592897,77.47114355799876
32.35259074999999,0.0849034659223075,0.312645979312646,23.322143336164356,77.36580300509092
32.60894225000004,-0.015421470279982,0.3416419386745796,23.20461942225339,77.35473134640445
31.352819899999982,-0.0779389880952381,0.4985777088182053,23.2665067112922,77.47536684474552
30.354758059999995,-0.1782312925170068,0.5161949226728917,23.320823834046433,77.44193384371854
29.763440600000024,-0.0069167889331377,0.3172470523718124,23.319803531161806,77.45575673259995
31.199009000000046,-0.0508108108108108,0.3238899482429855,23.30100069442827,77.44590694662816
29.676281090000032,-0.0869254584424863,0.3851289833080425,23.34745393497209,77.41387225669722
32.78155226000001,0.0936238902340597,0.2342919948708554,23.25644551740925,77.41617924951515
30.37868420000001,0.0148282097649186,0.1175384615384615,23.311312279368988,77.4205684767728
29.82667397,-0.0085449512576724,0.535360938072554,23.186070568205473,77.36726444173487
30.852079969999977,-0.0142188961646398,0.2352740116212829,23.245112347133112,77.5009717193671
31.45877852000001,-0.1385606874328679,0.6378244746600742,23.30351714755448,77.37311626723927
31.151156720000017,0.0283229521682923,0.1801313160148444,23.27751672120365,77.4290996374079
30.7375763,0.0344106463878327,0.2345649003403014,23.280273133745457,77.32376603583472
35.22201854000002,0.1940513312544974,0.1508820003425244,23.255060231153855,77.44920952745333
29.55323237000005,-0.1157745814666352,0.5230125523012552,23.179332031147243,77.4238954995363
32.36626282999998,-0.0564411891426109,0.3912056737588652,23.32577888694811,77.4710405500622
32.02958785999999,-0.0592041410546748,0.3054226475279107,23.279069186005717,77.47873536028193
33.47028329,-0.063432052089897,0.3517554398611667,23.204035933133085,77.43961303614104
33.78132311000002,0.0188449848024316,0.2958651144118828,23.220574028052507,77.33988572002286
32.27910331999999,-0.1505325443786982,0.5545251039334825,23.248317561804765,77.43229049628452
30.062517350000007,0.0169898061163302,0.361949598449183,23.291000345878626,77.48515211562493
29.64039188000004,-0.0623467973995523,0.2184329544065517,23.246496079306823,77.40299972522713
31.97148152,-0.2185201211596711,0.4966781823013553,23.291804989796976,77.48905467543044
31.56302813000002,0.0703610777789898,0.1531799729364005,23.288976704791388,77.39869190300502
29.102053730000023,-0.3113543788187373,0.6803131626162127,23.194721986916097,77.44310844781909
27.606669979999992,-0.0078813166434863,0.2345258375922771,23.198771214640715,77.42644236579419
29.842055060000007,-0.1257987220447284,0.4829037348763808,23.313130967282397,77.37130019636841
31.451942480000017,-0.1374722838137472,0.501829714564528,23.301171717022285,77.43545364291552
28.951660850000053,-0.0859500343800137,0.4228228228228228,23.340510901430388,77.42892900880268
30.566675300000043,-0.1457627118644067,0.5250413596029478,23.270701981020913,77.34360050714082
30.542749160000028,0.0548828788050243,0.1690929451287794,23.237678007437303,77.49198623404784
30.26588953999999,-0.0958083832335329,0.4602450840695354,23.33340208171254,77.41092166750164
35.068207640000026,0.156111075317312,-0.0102017683065064,23.243143100420255,77.4615060574532
31.298131580000017,0.0706546619868762,0.1869031377899045,23.26791376788271,77.40079199156634
32.41924214000005,0.0990298370858502,0.3781324373512529,23.217986588340047,77.33850604205826
31.075960280000004,-0.2140445644834571,0.5267478063968299,23.317235478428433,77.37897143271451
28.51244528000001,0.0799354491662183,0.1221624458732449,23.264140410635218,77.43956144256376
31.73392912999998,-0.0539615688339036,0.5573706728899261,23.30528848630121,77.40671861427967
27.96043505,0.0415721844293272,0.4398864442867282,23.203814991433852,77.47695809437283
28.18089734,-0.0346762428459207,0.2270428533404312,23.1924218309809,77.46183771903111
30.51711401,0.076842381327039,0.1719660396204428,23.253463425278444,77.42956981687327
33.41730398000004,0.1691821187293373,0.1121801039060996,23.25966569142586,77.41498697346361
30.80764571000003,-0.1223524573308657,0.5008937164856317,23.277107369472425,77.37297965227059
31.592081300000014,-0.1073673623334171,0.5377094972067039,23.270697055561676,77.41648594882048
30.274434590000055,0.0357800040891433,0.16401332839689,23.276656412721596,77.33850265589913
33.383123780000005,-0.0626973387460532,0.4304796599878567,23.30623579716976,77.4064932594847
33.19684169000004,0.1167350205061518,0.3268219383921863,23.2207379210781,77.337280761583
30.43679054000006,-0.0640418639421878,0.4862513052558301,23.308283279913404,77.49077901679938
33.07037495000003,0.1575907590759075,0.1029888368743248,23.286649772130215,77.41378846806053
34.75033178000001,-0.0068965517241379,0.3767496684838662,23.212399336214652,77.35711760272648
31.02810800000003,0.0124730151115375,0.4471001757469244,23.232368940614307,77.41409279222991
22.953035750000023,-0.2584795321637427,-0.0912162162162162,23.257896569122916,77.34651483201847
32.557671949999985,-0.1110850714787907,0.5115574685158616,23.186483545146903,77.39141533476399
28.584223700000052,-0.1682487274728298,0.4778976679429168,23.24217079282887,77.41347010766711
29.660900000000023,-0.0504364694471387,0.3516380655226209,23.3225433162978,77.37491686209418
30.594019460000027,-0.0752639856212087,0.5266347687400319,23.30390559974148,77.4876269880249
30.028337150000027,-0.0330391491287621,0.5298257372654156,23.20808501118024,77.38233583352776
29.01147620000006,0.0012088974854932,0.454321422284809,23.239755003402315,77.41596094654615
30.25905350000005,-0.1209824928142147,0.4596801633208574,23.32127690442932,77.38184733939859
31.02639899000002,-0.0629754333458037,0.4432780223501524,23.19090413758495,77.35557571133259
22.879548320000023,-0.3528722157092614,-0.1362275449101796,23.250644766047454,77.34555803195181
30.81106373,0.0019002375296912,0.3493898522800256,23.32124309079278,77.44309647184312
31.262242370000024,-0.0308686288585786,0.3719745222929936,23.320789398856775,77.47365950901005
22.746245540000015,-0.12430426716141,-0.3525641025641026,23.24472490660822,77.38180476300981
28.611567860000036,-0.0733650762802448,0.4477064220183486,23.262615375613137,77.50048880881829
23.863938080000025,-0.1357733175914994,-0.1576182136602451,23.20238462893664,77.38355280792584
30.894805220000023,0.0204991087344028,0.3698971642256154,23.328172653805836,77.4665950447697
33.244693970000014,0.0502232142857142,0.2856927028252002,23.25851833905777,77.49376354509982
31.525429910000017,-0.0160144491270319,0.5568265682656827,23.232324332205085,77.38197772849347
34.94857694000001,0.0705263157894736,0.2829640392299309,23.258683287119712,77.45751351012201
31.14432068000002,-0.1594069647166992,0.6751909664563268,23.27995580422418,77.42308891140176
37.39417025,0.110989611809732,0.1765557163531114,23.308148002383213,77.36761989209248
31.552774070000055,0.066410009624639,0.0898876404494382,23.240793838233305,77.48882766725873
30.300069740000023,-0.0490755535265921,0.347010550996483,23.30853533340585,77.35179989095391
22.057514510000033,-0.2547307132459971,-0.1806083650190114,23.254136425367015,77.31331146573417
32.02104281000004,0.036435561107641,0.2770419426048565,23.302478974769745,77.37492518879344
28.24583972000005,-0.1471226927252986,0.6796502384737679,23.246117723627524,77.4634476586248
22.84707713,-0.2261146496815286,-0.3173758865248227,23.26075901852778,77.35457394354621
33.12335426000004,-0.0797602581834946,0.4354888139748697,23.33472472226705,77.44566742708382
34.135088180000025,-0.077815506508206,0.5518435526583826,23.254273059263113,77.44851486579849
30.708523130000003,0.0698960406989604,0.3387456224132442,23.225320034561847,77.34532523806904
32.51665571000001,-0.0435420743639921,0.4267558528428093,23.295899274088477,77.40048595649496
29.613047720000058,-0.2814017310534093,0.590254126277181,23.231338450091226,77.33658245591091
30.611109560000045,-0.0095875542691751,0.4359963977872121,23.27377272375664,77.3184654601572
31.43827040000002,0.0261547022815804,0.300148588410104,23.298043978960006,77.49424506015154
32.648249480000004,0.0266950153555398,0.3184,23.335547988300544,77.36255388871336
23.64176678000001,-0.4805867126833477,0.2008397480755773,23.23801491320993,77.34044857186751
26.769255079999994,-0.1819960861056751,0.0360205831903945,23.25414361368613,77.41009121841357
27.046114700000032,-0.1856971952678452,0.6741741741741741,23.229002881175656,77.46275027413628
33.64972934000002,-0.0702979515828677,0.1442080378250591,23.196733144337507,77.44831339301929
33.35407061000001,-0.0090297450424929,0.4173091270828152,23.215557844400376,77.32718004375664
30.49147886000003,-0.0635463546354635,0.1708283789139912,23.245011118668423,77.49210511505856
34.47347216000003,0.0949156432916332,0.0844334433443344,23.274880262380503,77.46192262353375
29.660900000000023,-0.019997948928315,0.4389467592592592,23.239367801969983,77.3690337250788
31.82621567000001,-0.0304267161410018,0.385382888500873,23.32484460017041,77.39554506556313
28.208241499999986,0.0315003841510262,0.5060590544461512,23.206628389673185,77.47549720553387
32.183398760000046,0.0491984521835268,0.2912912912912913,23.34088086396539,77.43838304766858
31.93559231000006,-0.0553915200188968,0.4482982171799027,23.18833570318417,77.35465882686333
31.815961610000045,0.0486932003036547,0.382070269418623,23.222800594361075,77.34730122475375
30.67605193999998,-0.0012581493766441,0.1079610175927097,23.186433963129993,77.43856629959818
28.874755400000023,-0.0798146922567835,0.517202901246048,23.224402036107705,77.42079186226859
31.920211220000056,0.1086114696662364,0.1523241954707985,23.20362846738487,77.40368261015186
29.155033040000035,0.019459038723487,0.2517699664637933,23.174663586072725,77.42470781260216
32.463676400000054,0.0316040548598688,0.1717171717171717,23.30303279012488,77.41543669817817
29.573740489999977,-0.1531155015197568,0.5940126050420168,23.34703784905642,77.39091928551139
27.794661080000022,-0.1514112903225806,0.5610222768894355,23.19301235330903,77.4164481895354
32.77129820000005,0.1019457066293836,0.1345304680600529,23.205697521870302,77.41400825637638
24.15446978,-0.0432357043235704,-0.2512512512512512,23.2001408238489,77.40339605740687
32.69097472999999,-0.0941034369166575,0.5397929222685829,23.23630352575587,77.38759252195366
31.933883300000048,-0.0077369439071566,0.2936064556176288,23.315659716586225,77.46330916904942
31.93217429000003,0.0455786599453896,0.2942181714611221,23.270323766738795,77.33991400462938
29.669445050000036,-0.0348027842227378,0.4193059554477951,23.277821762056817,77.33966597157064
22.922273570000016,-0.1318822023047375,-0.2156166814551907,23.244924696931285,77.38640960568256
27.743390780000027,-0.2095702259636686,0.6169792694965449,23.21675823929109,77.46514718393293
22.419824629999994,-0.3181242078580482,-0.1817466561762391,23.254424665437316,77.36079482582007
34.03425659000004,-0.0492429409357522,0.3454609060696169,23.27457040841332,77.41550787676269
32.925109099999986,-0.009863094361843,0.2656826568265683,23.209052609495604,77.44149518749907
27.18967154000001,0.0354626865671641,0.1523537803138373,23.199964160258673,77.42676279575396
24.675717830000053,-0.4843287995269071,0.1750936329588015,23.2618377835522,77.4908696616018
30.450462620000053,-0.1139546112988894,0.4783723165652034,23.202246797168364,77.40430610418898
30.06080833999999,-0.0994667284952469,0.4566118875748733,23.220960263974668,77.49323820388233
30.27614360000001,-0.0288413724515166,0.3553881428103504,23.324750649740103,77.3587179571263
23.75797946,-0.2493368700265252,-0.1373626373626373,23.22488375402771,77.35938546275544
32.69268374000001,-0.0117972154320331,0.2068965517241379,23.21364969347023,77.37433844261601
31.120394540000007,-0.1433354258213015,0.4692121538047862,23.340539841293655,77.42184456119219
35.50742321000001,0.0024962556165751,0.1873421482692022,23.25753028727723,77.44890478781012
28.338126260000024,-0.115899357601713,0.688537869582827,23.28086244569974,77.364211926103
24.41423930000002,-0.1459227467811159,-0.0210815765352887,23.252765467560476,77.4114412476765
31.920211220000056,0.0354138999557326,0.2370139086006244,23.316505758797756,77.4233344746615
30.053972300000055,-0.2960917587085811,0.7414383561643836,23.28623441995079,77.45795639161186
35.19467438000004,0.0896294762989029,0.1495033978044955,23.287180772389917,77.41969438323665
31.007599880000043,-0.1122679945676776,0.4832478116510715,23.314630655197536,77.37289136144564
31.315221680000036,-0.0039043435822352,0.4069767441860465,23.336645243563737,77.44882672391734
34.42220186000003,0.0646935568360398,0.216902368376214,23.20701176933902,77.43934551896403
32.19194381,-0.0222609368950832,0.2762203963267279,23.181116295384925,77.40393820228701
32.251759160000006,0.0565102445472571,0.4012269938650307,23.313819075263503,77.45886841573089
30.347922020000055,0.0166344294003868,0.380771319934818,23.28986688218748,77.4356383054594
29.18237720000002,-0.2142440163455925,0.6070048931238733,23.280496519177735,77.49136586575122
29.440437710000023,-0.1735210028590279,0.5847935847935848,23.32985094787134,77.40731289205824
29.34302414000001,-0.0059261510408752,0.3963298882092385,23.217915261590605,77.42023268960483
32.65166750000003,-0.027014652014652,0.4113575585968224,23.197027072715176,77.43864998876163
32.16630866000003,-0.1433271643018712,0.4740190880169671,23.320341843719035,77.46189949740025
27.046114700000032,-0.0268199233716475,0.6055299539170507,23.19376256315405,77.41983478032652
33.03106772000001,0.011155227831348,0.1653297682709447,23.307524476212546,77.428600437133
32.50469264000003,0.0509253937234164,0.4514767932489451,23.233588207910422,77.37919218849696
27.83055029000002,-0.1385707741639945,0.4522348816827344,23.204471983594612,77.48119525272736
31.349401880000016,0.0355569878612095,0.3446158454395687,23.26414603276664,77.42781113057028
32.83624057999998,-0.138527113426474,0.4429771908763505,23.274623598896635,77.41626183935743
31.094759390000036,-0.0140678217088701,0.0963816842779378,23.312327392840967,77.41262412565203
32.614069280000024,-0.0125823846614739,0.2827324478178368,23.29722498803862,77.43222723171547
29.04907442000001,-0.0492321589882565,0.4406201550387597,23.3015196123401,77.46211927498882
31.499794759999983,0.0201282902012829,0.0683709152297118,23.218053297650258,77.41185299618265
32.51323768999998,-0.0280135823429541,0.4093686354378819,23.30141426093192,77.4877036198434
33.41730398000004,-0.1314671604400392,0.6236323851203501,23.23633131490187,77.47890515328045
26.688931610000058,-0.2849883548591996,0.7842128472732618,23.28599876256911,77.38034271079695
28.11595496000001,0.0327124034529759,0.2486803519061583,23.21477505295883,77.47538772503951
31.298131580000017,0.0885717655383889,0.1686072886738243,23.20147281807126,77.43106459981745
32.624323340000046,0.0229721488107338,0.2975161987041037,23.330349438646024,77.43625106164099
34.220538680000004,0.1536655361335768,0.2376955360549408,23.20355849770439,77.33937162345327
34.19148551000001,-0.0113438045375218,0.3341007194244604,23.300613017306688,77.3636888548134
28.389396560000023,-0.0539630725288177,0.5352154531946508,23.218432684209674,77.4808756455784
32.06547707000004,-0.1681252878857669,0.4599884858952216,23.331590268890956,77.44384205083664
30.32741390000001,-0.1334586466165413,0.5,23.221902837546164,77.3872082438757
32.610651260000054,0.0239321417752196,0.2236992024306874,23.31540464255565,77.45505112153789
30.12575072000004,-0.1000669792364367,0.5561872275914346,23.232233156151217,77.42420139878647
33.52326260000001,0.0592651126037139,0.1792966815255076,23.28720910194912,77.47248999304296
28.63549399999999,0.0259168704156479,0.1114520853675547,23.218962446485502,77.4573186698554
30.877715120000005,-0.0246185147507629,0.4078837014257758,23.291199644981724,77.50051456065738
22.260886700000015,-0.2537313432835821,-0.2017543859649122,23.254848474640095,77.37110917501131
26.242880000000017,-0.2586816132569757,0.7664158686730507,23.225318208239425,77.45800336997733
23.42472251000004,-0.438871473354232,-0.0285714285714285,23.278709379356936,77.49457801631134
29.89845238999999,-0.0281229561805101,0.3566761188509432,23.17368077925642,77.41637330018933
31.29471355999999,-0.114373356704645,0.4535581594741354,23.305921112994984,77.33199013890416
33.205386739999994,0.0039655408177218,0.2341579125720095,23.26455828754056,77.47232962052851
34.06330976000004,0.0739706908583391,0.2076444714090702,23.214509004373713,77.41869829168738
33.21734981000003,-0.0025501718594079,0.4020778415258179,23.18253614508396,77.40291940789969
31.349401880000016,-0.1119868035190615,0.2905764730908317,23.20317998401532,77.413377978773
32.84649464000006,0.1301681294279369,0.1956395348837209,23.210257310666236,77.3685431655715
30.04200923000002,-0.2413867822318526,0.5580636388360076,23.24680080266084,77.50597662234097
28.645748060000017,-0.0531660692951015,0.339156855298139,23.20514920008769,77.45877855109933
31.255406330000028,0.0145688173016016,0.3867311855341908,23.276885613549744,77.38384223466451
32.46880342999998,-0.0551769619696636,0.4440433212996389,23.306173412998874,77.38038334097847
30.928985420000004,-0.1461228148812191,0.4874927283304247,23.311627184135343,77.43297036482006
31.991989640000043,-0.0009775171065493,0.3879518072289156,23.238586482916396,77.47686856246953
30.08131646000004,-0.1285100759828212,0.4908350305498982,23.297486229645607,77.33461326844917
29.961685760000023,-0.1809351705443867,0.4860716316088687,23.296475485615876,77.45205215266208
31.304967620000017,-0.1434343434343434,0.494279847462599,23.327404698617727,77.43512679839674
29.93946863000002,-0.1586651780176156,0.6648841354723708,23.29199324614492,77.3597538690202
29.12768888000005,-0.0133500208594075,0.3201086956521739,23.34640668898119,77.40437889370011
30.91873136000004,-0.1139087277569301,0.504086302713305,23.239583013220063,77.47687379998449
34.64095514000002,0.0122637035029473,0.00454796030871,23.26560267843053,77.46504961776151
22.689848210000036,-0.1215559157212317,-0.145679012345679,23.204127687528977,77.42335995321226
34.31453423000005,0.1238896680691912,0.1585780525502318,23.298020309172273,77.36845529992276
23.884446200000017,-0.1139240506329113,-0.180633147113594,23.203732285735224,77.3820919960413
29.729260400000044,0.0428658166363084,0.1771206690561529,23.26727794518592,77.37538139165478
29.99073893000002,-0.0311715481171548,0.1380743477256984,23.244791309509168,77.50545456184433
31.46561456000001,0.0328598685605257,0.1995792795161714,23.243563726746324,77.41114501543497
29.223393439999995,0.0644922164566345,0.1948871705854505,23.187551033328173,77.41865748896306
31.045198099999993,-0.0121587520073411,0.3804755944931164,23.225072861745673,77.48388766122355
30.549585200000024,0.0,0.3379401118789075,23.32865937702176,77.45269502428964
33.61896716000001,0.1093270365997638,0.186723297152745,23.25726457955893,77.43634380085116
33.37628774000001,0.1256775494768687,0.2293512938674229,23.22060980976694,77.40695814029054
23.54948023999998,-0.2482269503546099,-0.1366503153468815,23.2569042319601,77.3733257104486
30.50515094000002,-0.1411249578982822,0.4673018622780424,23.21891079515008,77.38966783482185
24.28093652000001,-0.1759343664539653,0.0849453322119428,23.22005897830918,77.36404322409702
22.204489370000033,-0.2650602409638554,-0.2045454545454545,23.25371619276808,77.36854280318138
28.951660850000053,0.1443876915410489,0.4647046278524205,23.174709829479767,77.38082663995975
35.97398294000004,0.205009633911368,0.2009896667151797,23.23019698247737,77.3838375565931
25.331977670000015,-0.5091767173571053,0.2097519966372425,23.262479868645027,77.49327987047134
23.15640794000001,-0.1418312387791741,-0.2941176470588235,23.196925245104197,77.39228781178593
34.28548106000005,0.1244382993432423,0.3412761450886947,23.330719364771237,77.43810813199556
33.499336459999995,0.0197061168698029,0.0981242822508613,23.256863866251216,77.46703918385853
33.81721232000001,0.1064182194616977,0.1338499934322868,23.271245755772984,77.43897205592539
22.69155722000005,-0.2689352360043908,-0.1586608442503639,23.256269368202364,77.37309096837119
32.303029460000005,0.0409676849726293,0.3557164253619571,23.239432922927115,77.49395713578895
31.482704660000024,-0.0937638213180008,0.4253602305475504,23.325567521752372,77.38310563266833
34.013748469999996,0.0321185249270033,0.0764974741400048,23.228977525035233,77.44133716633661
29.98561189999998,-0.0605058365758754,0.3303233679072605,23.17971898946106,77.42329207012052
30.705105109999977,0.0744112122525646,0.2243883792048929,23.260649633369987,77.42232682272889
31.962936470000045,-0.0927081092708109,0.5563725490196079,23.30286463460557,77.43283773950381
34.013748469999996,0.0321185249270033,0.0764974741400048,23.22888205457319,77.4412666443785
28.59618677000003,-0.159752249620194,0.484295542925516,23.21385358412052,77.35256283183651
26.800017260000004,-0.2126082872351529,0.6154060066740823,23.28412543562057,77.43649447916236
29.82154694000002,-0.0398899587345254,0.5204207920792079,23.21788014433879,77.35691786993124
30.24025439000002,-0.2057581989392791,0.7012828344532682,23.228508846480317,77.44967893466814
28.81664906000003,-0.2602179836512261,0.5530992024625717,23.216346799807443,77.33291126917769
32.56621700000005,-0.0519616026711185,0.5068001793453893,23.22070932317152,77.34288712186518
29.41480256,-0.0962375223957,0.5981343283582089,23.22529354137049,77.45489197354918
29.310552949999988,-0.3091732729331823,0.5813953488372093,23.20593191451006,77.47095202791014
30.035173190000023,0.1940573534492687,0.3183873398643557,23.186228020479714,77.38331554232107
27.85276742000002,0.0237647058823529,0.3111075999367989,23.19230331616148,77.45848711102946
30.59060144,0.0036818029677563,0.4094065656565656,23.171354792940473,77.40461471051829
22.780425740000055,-0.3263979193758127,-0.1549295774647887,23.242935636317693,77.339933936463
33.284001200000034,0.1120554685752628,0.2103658536585365,23.29237040376753,77.42736985937582
29.82496495999999,-0.1022915190172454,0.4143679903000909,23.291245454770397,77.4561295487319
31.91850221000004,-0.1279756236907255,0.4704568023833168,23.19213192006235,77.3608187718971
31.270787420000033,0.009608938547486,0.4790589020523945,23.214184656710984,77.41257158253356
29.00122213999998,-0.2007011393514461,0.6139347021204982,23.219201892826135,77.4177003531657
29.437019690000056,-0.0786424689839023,0.5288475512280192,23.174060891953424,77.41569241091688
23.17008002,-0.3116036505867014,-0.1841038118410381,23.24539918545995,77.35020596870392
31.53226595000001,-0.1223668639053254,0.5381122283490107,23.32704229961783,77.44512991074167
30.990509780000025,-0.1916480238627889,0.4931090866619949,23.32846093615692,77.39304610440827
29.67457208000002,-0.0374535809018567,0.5138566341538938,23.2434115637866,77.45465749241937
35.09213378000004,0.1259457053849577,0.1305223773204777,23.260349735616913,77.41150660131088
32.35429976,-0.0183433648609916,0.1906836461126005,23.22984037190717,77.4361349338746
27.945053959999996,-0.2546678521529277,0.624938312222405,23.22890358703583,77.32840489701333
31.255406330000028,0.1449222099718241,0.0937010341585709,23.26309196188288,77.4233515824538
34.84603634000001,0.1569727658409744,0.1269667032564947,23.25507159132197,77.44291180371424
33.43610309000002,0.0682793601248536,0.0834845735027223,23.221526719910077,77.41233522281084
27.729718700000035,-0.0443585986412681,0.4244186046511627,23.193897683349807,77.46672594058691
30.75466640000002,-0.1019955654101995,0.4760288502333474,23.22355821176672,77.42946400603093
30.713650160000043,-0.0011753643629525,0.1476690918889787,23.22824352931437,77.48815029855267
32.79864236000003,-0.1409268447165628,0.5226824457593688,23.283680687439823,77.42581710090303
30.226582310000023,0.0725600408788962,0.1370399373531715,23.27924729530847,77.39684870396077
32.256886190000046,-0.0131905945325941,0.3755515182974305,23.30190480089119,77.41471325283072
27.859603460000017,-0.099818857851082,0.494300518134715,23.217616565018552,77.48140383016597
22.79922485000003,-0.2701421800947867,-0.2429378531073446,23.250738414568385,77.32424541755374
31.793744479999987,0.024390243902439,0.2729433513799023,23.18361044540833,77.3632630473929
32.330373620000046,-0.1030082041932543,0.4110787172011662,23.28146253676703,77.47914614430977
28.823485100000028,-0.110377358490566,0.4397553516819572,23.31593802374977,77.38828525105656
30.03859121000005,0.0096048298572996,0.3334564936264548,23.24529463950081,77.39252545228089
33.06524792000005,0.1648103764274636,0.212443716741711,23.24087832203391,77.43317873988407
33.67194647000002,-0.1459804144841721,0.5833857772183764,23.288261645217,77.35329271246123
33.07037495000003,0.0636299600845268,0.290406083158065,23.287329272462294,77.40364850997152
30.043718240000032,-0.096106048053024,0.5137299771167048,23.345816293548353,77.39848839978832
30.42653647999998,-0.2464915437207628,0.6624540073588225,23.28149661764207,77.42747182245743
33.90437183000006,-0.002336028751123,0.410010111223458,23.297477495629987,77.43564041904558
23.595623509999996,-0.4147104851330203,-0.068041237113402,23.27418467689016,77.48967256059608
31.928756270000008,-0.1230319600263976,0.5394158697337813,23.268445766980665,77.39564917263007
33.27032912000004,0.0897986134037636,0.3219851354591225,23.296328619353694,77.47420789245976
32.69268374000001,0.0606975184439973,0.3931857746829147,23.333958912354916,77.38452638573801
30.421409450000056,-0.2736434108527131,0.7177208572922111,23.29604405117406,77.35814806293322
34.087235899999996,-0.065323897659227,0.3956141914779818,23.278983085870117,77.41575521329028
31.547647040000015,-0.0301191765980498,0.2893951722267426,23.230124694092417,77.4482406670369
29.652354950000017,-0.0188351705581112,0.1062105362359815,23.22334141789139,77.48003519500368
29.500253059999977,-0.1386343482116464,0.4764277500958221,23.247051836526076,77.3934943424027
29.39429444000001,0.0328027681660899,0.5070088419236576,23.23918874741736,77.41125982571069
31.677531799999997,0.0401225114854517,0.3863167207313477,23.277528315940916,77.32674093208006
35.53647638000001,0.2208709297763829,0.2249807247494217,23.288044146468444,77.37557795626884
34.056473719999985,-0.082753286929621,0.3680781758957654,23.275650111814215,77.4170428901652
29.997574970000016,-0.0426289785131563,0.3551373954599761,23.22372669758446,77.4784345057012
28.097155850000036,-0.0045610034207525,0.5729334047491519,23.28175334792344,77.33121596265796
27.729718700000035,-0.1150971599402092,0.6317359315967389,23.2173734938563,77.46646916119286
31.00076383999999,-0.0768716577540107,0.4616664146378346,23.278658245409954,77.3672549809365
22.780425740000055,-0.2650602409638554,-0.2391304347826087,23.25231110711761,77.32763805613067
28.820067080000054,-0.1064871481028151,0.4759183673469387,23.27040088798902,77.48700774322243
30.83328086000006,-0.1048622003136903,0.4642910170749814,23.21615324397039,77.32959871128247
31.12723058000006,-0.1281407035175879,0.3703945934161761,23.29761641158768,77.41271252700979
29.149906009999995,0.108048395581273,0.228695652173913,23.212370699632107,77.47341708007968
28.69872737000003,0.0628598848368522,0.2591876208897485,23.345226528151706,77.38555892875507
31.76640032,-0.1852584714321048,0.5493048819915939,23.339279012992385,77.39754657850418
33.137026340000034,0.0536355475763016,0.1937721160651097,23.177554105541702,77.41304422370744
29.25073759999998,-0.1872003335417969,0.5551611141452758,23.2062800464558,77.46257543520932
34.17268640000003,0.00406852248394,0.1313549014838239,23.179441956149528,77.44479596748278
27.99461525000004,-0.1734129617341296,0.5015567506368526,23.23393208842002,77.50118109915384
29.305425920000005,-0.0717885541494008,0.3605345464884845,23.17497213142845,77.38704188332026
31.70487595999998,0.0447146095198846,0.1607411116675012,23.241407751398903,77.42502244781042
28.73803459999999,0.0577576443941109,0.1934018646904135,23.27954178259725,77.44564464783511
26.33003951000001,-0.4692923076923077,0.7073798627002288,23.245157097690623,77.31940545758032
35.63901698000001,0.097590953785644,0.0814552953306819,23.28410282606092,77.42207387329293
30.874297100000035,-0.0676517150395778,0.5037906942173331,23.21712047595099,77.32755312547107
22.460840870000027,-0.1123388581952117,-0.3708333333333333,23.246753435645157,77.3833463460895
28.3278722,-0.085873126178894,0.5332211942809083,23.227567049165177,77.46265519704903
30.862334030000056,-0.0121796498350672,0.3309976643309976,23.228926508242935,77.38680860589365
29.302007900000035,0.051467163483931,0.1776781841838947,23.27345053272418,77.42889893801873
29.18237720000002,-0.2293976951511198,0.5154114178504422,23.32046923635399,77.40078443877148
28.87646441000004,-0.0508918673788168,0.3253685815963396,23.27804101821548,77.44290175585769
28.857665300000008,0.0397473019215583,0.1023368251410153,23.204806498255913,77.4622647404842
26.036089790000005,-0.4284185175274284,0.4881516587677725,23.262307999254773,77.48997264399358
32.09282123000003,-0.0007475703962123,0.4256301029463968,23.315264950850672,77.37157174514464
29.469490880000023,-0.050767784393607,0.4020489232699142,23.233501616926915,77.46198815679284
30.47438876000001,-0.0722417278433875,0.5903424333280732,23.25842675323436,77.44351120198809
33.352361599999995,-0.0617548559946416,0.4445051940951339,23.26008816899743,77.47530708349424
30.38210221999998,-0.0345412677251242,0.4980694980694981,23.202678327346348,77.40758431548603
31.43827040000002,0.0163450624290578,0.2067957109037738,23.206393594743226,77.45244789317847
30.70339610000002,-0.1428571428571428,0.4946717084908903,23.277922627931968,77.32049077675983
31.26907841000002,0.0158256880733944,0.1465597862391449,23.248069703641825,77.43536103184509
33.26862011000003,-0.0458362009635237,0.42204753883586,23.23770025807562,77.39543848210826
28.57055162000006,0.079490874159462,0.1675296984465428,23.189436496487097,77.41647979143391
33.54377072,0.1364046973803071,0.1103368176538908,23.258559998931727,77.41943893274711
25.18842083000004,-0.0922190201729106,-0.246520874751491,23.19807696270505,77.39641251086962
31.78861745000006,0.0208703790360318,0.0849320750803691,23.214788158055633,77.3931335428209
32.14580053999998,-0.105465414175918,0.429202318520563,23.311233642021467,77.4631576182648
28.485101120000024,-0.1815812337098175,0.600418410041841,23.272165254908124,77.44839667262444
30.209492210000008,-0.2180383314543404,0.6273535170959482,23.237235434294934,77.50031193515728
32.66021254999998,-0.1348837209302325,0.4532915360501567,23.3034695554031,77.47112053999568
32.31841055000001,-0.1804080097771928,0.5801661213189026,23.21408865730945,77.34322349996775
22.91885554999999,-0.3626588465298143,0.0348923533778767,23.26308010062301,77.35292589408442
28.91918966000003,-0.0212490282456594,0.5552486187845304,23.1803521363575,77.39110626963682
33.128481290000025,0.1167716852124949,0.310783923597294,23.22838859974228,77.44570883267839
33.58820498,-0.0166112956810631,0.1403321976149915,23.260560142566952,77.46318599912942
30.29323370000003,0.1909899229401304,0.3884028484231943,23.185700831610458,77.3825681803432
22.500148100000047,-0.3025780189959294,-0.2150449713818479,23.246377051987945,77.35858848056633
33.20367772999998,-0.0639475302316048,0.4651425345752187,23.231682807970525,77.33961908663126
22.597561670000005,-0.1210762331838565,-0.435665914221219,23.236168312010623,77.32820013642463
30.600855500000023,-0.1473178542834267,0.4727646454265159,23.29930153313797,77.4387202560394
32.55596294000003,-0.0622950819672131,0.2072955481466954,23.313429118522222,77.33439586536578
31.22122612999999,-0.0467289719626168,0.5377160394120497,23.22367084205098,77.3379798897176
32.520073730000036,-0.0159883720930232,0.471578947368421,23.306111224935297,77.34071749780894
31.58866327999999,-0.0014930944382232,0.4534127843986998,23.314216492515488,77.45659070442376
31.592081300000014,-0.0066432200078155,0.098976109215017,23.296113248865023,77.43342867787398
27.871566529999996,-0.2290374454399265,0.5229148875604896,23.33739777812725,77.41793993724683
30.597437480000053,0.0183852917665867,0.2329317269076305,23.34584702963349,77.39397347881453
30.78030154999999,-0.0770646422820335,0.4700156985871271,23.325884015769716,77.37430666998299
30.662379859999987,-0.0733197556008146,0.3955643826547501,23.325925156397428,77.35956577445349
29.430183650000004,-0.0347573442375981,0.5343864688048509,23.20333553756864,77.37364594501587
30.715359170000056,-0.0387839705204974,0.4130325814536341,23.266075990615153,77.33193228762235
30.83328086000006,-0.0760835992999073,0.5316529894490035,23.213257718343,77.34864427029446
30.83157185000005,0.0796382086918155,0.3076320325967717,23.271734491316177,77.32500113561815
33.03448574000004,0.0671312427409988,0.2206686930091185,23.221129484441235,77.41405576540726
29.04736541,-0.0756995581737849,0.3726743093403495,23.215156371588467,77.3825369154728
33.35919764000005,0.074629812438302,0.1077759394942094,23.272542483000752,77.46656918878705
29.33789711000003,-0.0597868468936833,0.5275384038965905,23.246542368942087,77.45388296965383
33.59333201000004,0.0713264908405872,0.1290475438319381,23.27426109495591,77.46094944086725
31.39383614000002,-0.0125639832480223,0.2967818831942789,23.303105735389465,77.47559397540681
31.77494537000001,-0.0587980977086035,0.2308078904384973,23.243194217006938,77.48971641467496
31.050325130000033,0.0135396518375241,0.154915079773546,23.279454560553617,77.34322297553626
35.04257249,0.022796775090353,0.2648434688736956,23.276584945587175,77.46558224812892
31.530556939999997,-0.0044109736417428,0.4944773491275812,23.245466990118473,77.48439971957265
33.12335426000004,0.0427752762996316,0.1708599324070597,23.262744201345857,77.46713281795948
32.12016539000001,0.0723052889979915,0.1998845432241304,23.21738466370122,77.34987747318034
27.92283683000005,-0.2217517861868219,0.6524695776664281,23.27736423640482,77.44347313001595
29.25415562000001,-0.0994778417458829,0.3198328511732561,23.21016149907594,77.45280318850999
30.402610340000024,-0.0222055888223552,0.3973396998635743,23.27914241583975,77.38085806993229
29.941177639999975,0.0266232522505267,0.123342175066313,23.245114574541876,77.49511059833827
30.21632825000006,-0.1037882719252724,0.436676798378926,23.336950442738523,77.39470063436046
32.02958785999999,0.1080297491491239,0.1317978246960972,23.217480817154243,77.38687625805095
31.72709309000004,-0.0941045606229143,0.4354932866316404,23.303898877140433,77.4699314993088
30.07618943,-0.1893392559689061,0.6776315789473685,23.24131173737553,77.4779731810639
33.682200530000046,0.0247612882343421,0.1767232962312048,23.24602698200702,77.39763640659454
31.24344326000005,0.0489570949962174,0.2064710721140663,23.240741166969595,77.49553436587847
31.159701770000023,-0.0114131074244028,0.4045751633986928,23.2451043689962,77.47344219261016
31.962936470000045,-0.0019447685725398,0.2079718640093786,23.267535884741083,77.31443457692912
31.949264390000053,0.0232945091514143,0.0492682381856775,23.249087996310248,77.4913092051744
32.11845638,-0.060174356793536,0.4393764434180138,23.329418309419772,77.4327066278922
30.361594100000048,0.1412044913235794,0.1438066465256797,23.25608836174637,77.42634264206866
32.05180499000005,-0.092999384110039,0.3512690355329949,23.32286928364677,77.40249254339548
32.40044303000002,0.0034215328467153,0.4426283638765065,23.218765915362745,77.38773168641484
35.65610708000003,0.1677828692280578,0.241977906365071,23.2030283543986,77.38687053799268
22.088276690000043,-0.3179190751445087,-0.156180606957809,23.250805651634323,77.37117041060635
27.23752381999998,-0.4116025029165341,0.7121173141240031,23.262501922670253,77.33295658516275
27.80491514000005,-0.0694926380943449,0.1178200352871985,23.19290226006453,77.45285783292502
32.10136627999998,0.0745721271393643,0.1063207891852393,23.295059536826106,77.41810577743847
29.98561189999998,-0.0203777798455382,0.1913090711569799,23.2772660953767,77.32578624098228
28.225331600000004,-0.0779566130160951,0.4757616401609503,23.27597130498274,77.43770828810226
29.04052937000006,-0.1739769150052466,0.6803844998498048,23.283947414230152,77.39138755474696
22.37539036999999,-0.3463892288861689,-0.1685563114134542,23.25135829709462,77.36139894067168
31.708293980000008,0.1236390031454149,0.1005773321178973,23.29543115179669,77.40841055527987
22.14809204000005,-0.3425287356321839,-0.0565428109854604,23.25595266503532,77.31994225261306
30.96316562000004,-0.0501946322474902,0.4595671981776765,23.34019039987981,77.39477721886647
30.012956060000025,-0.1068236320034881,0.5155223880597015,23.28112643872008,77.35461027435119
24.556087130000037,-0.2210953346855984,0.0409221902017291,23.256575789289,77.36306256598441
30.43679054000006,-0.0471507816439737,0.5096328607778989,23.236717726941052,77.37445829867919
31.376746040000057,0.0402279202279202,0.1341233503905197,23.21612350942356,77.45264436524768
29.40113048000001,-0.2774168895682078,0.6173197871311079,23.298727085090704,77.42728115788512
30.218037260000017,-0.2372953433978311,0.7443045563549161,23.200235347389775,77.44088673160381
35.59629173000002,0.2156323644933228,0.3188046887898299,23.285516140905333,77.3658753718189
32.15947262000003,-0.1093099178205561,0.5880741337630943,23.26737804029035,77.47172232278058
32.64141344000001,0.0221714285714285,0.0618019359642591,23.308029687662632,77.42489308685879
32.97979742000001,-0.2116611661166116,0.6168526130358192,23.282362660071705,77.42444164928428
27.15720035000004,-0.2535863549079408,0.7211538461538461,23.210991487576976,77.46775807075
32.02275182000005,0.0404543642885611,0.5108252274866646,23.19793742907012,77.4544392156359
32.501274620000004,0.0577446336793308,0.013550135501355,23.237724230888404,77.47221500731357
29.95997675000001,-0.1197310576674424,0.4803418803418803,23.322274538382697,77.37131651587164
28.90722659000005,-0.1458310016787912,0.5590071569971068,23.282354865289115,77.39611869578158
28.81664906000003,-0.031876973215195,0.5108857739337906,23.24621891141694,77.44862080079702
30.78542858000003,0.0372443487621097,0.1989276139410187,23.297712432927216,77.44270387336664
26.376182780000025,-0.4648100172711571,0.7090680100755667,23.261491097489092,77.3419624799385
29.65406396000003,-0.0663791037622813,0.4082278481012658,23.334243838439903,77.3757304537813
35.16903923000001,0.1305075292805354,0.2946712802768166,23.29102984573789,77.34432686543859
31.824506659999997,0.0219064535227945,0.2819451629591308,23.30926208066849,77.4856653767014
22.59072563000001,-0.3046979865771812,-0.1584415584415584,23.25306521642527,77.33981034023384
33.58820498,-0.0222510261395549,0.3652625504904789,23.29275497500314,77.48108013403426
30.11378765000001,-0.0604382374187334,0.4392156862745098,23.324979290837742,77.34385912159607
32.000534689999995,-0.1260104612458392,0.4237186231775139,23.233880714900355,77.47493014333533
32.00907974000006,-0.0882911039178479,0.5582547546747643,23.2330206447018,77.4754168437685
28.14671714000002,-0.1786233640329617,0.662848350145324,23.214160740879848,77.47007688900463
28.3278722,-0.1889784946236559,0.6327057954964932,23.19633885672331,77.41479441991224
26.406944960000033,-0.0526315789473684,-0.0109890109890109,23.191034789627597,77.38604730482606
31.725384080000023,0.0895170789163722,0.1022386995579637,23.248750502412616,77.41631980937345
28.900390549999997,-0.1839285714285714,0.5219512195121951,23.328250586999033,77.41640491345487
24.462091579999992,-0.3141167775314116,0.5187927107061503,23.262329283750468,77.36035374172187
29.703625250000016,0.0540608498868493,0.0926517571884984,23.189092377209764,77.45979557245845
31.735638139999992,-0.022609819121447,0.4539609644087256,23.302978287306654,77.43086196731703
23.443521620000013,-0.3882896764252696,0.1878707976268951,23.225581075939495,77.35438385872064
29.522470190000035,-0.1123402632080869,0.434157137587606,23.22182278873757,77.33070096802713
30.457298659999992,-0.1483731019522776,0.4378055404671374,23.3421723854033,77.38560415227454
30.82302679999998,-0.1016260162601626,0.4100813008130081,23.315428960652152,77.42595519251753
30.898223239999993,0.0193958664546899,0.2246194573130377,23.19575952245576,77.3510540186768
29.63526485,-0.0040705563093622,0.4847015549239257,23.22620397644922,77.36253823445566
22.464258889999996,-0.2111292962356792,-0.3217231897341888,23.24504409367024,77.37257252264219
31.780072399999995,0.0546397481015002,0.3888435374149659,23.211581135168007,77.3708579250928
31.66215070999999,0.0083353179328411,0.442077922077922,23.23581793654382,77.38381677576233
29.86598120000002,0.0068065268065268,0.2422157434402332,23.218626705034357,77.48985960136662
32.16118162999999,0.0111714012128949,0.0117570215545395,23.295219247836652,77.37908202801948
23.171789030000017,-0.1504424778761062,-0.2592592592592592,23.20012348770148,77.39079045041058
31.42118030000006,0.1486797414265366,0.3194090677534386,23.17744333546292,77.39996910410669
30.96658364000001,-0.1078730373884559,0.5373040752351097,23.22735507704067,77.4390502184129
27.251195900000027,-0.1242212333121424,0.6203041964449331,23.22081443083636,77.45430326576596
31.665568730000015,-0.157009770506703,0.6007544797233574,23.321830489876564,77.46280158247232
28.990968080000016,0.0020151616927358,0.1212938005390835,23.254289128820353,77.42765176715028
30.457298659999992,-0.0897603485838779,0.4332378223495702,23.288719185764137,77.4719341177716
21.724257560000012,-0.2824601366742597,-0.1738811445341159,23.25169838976804,77.36612067458334
26.938447070000052,-0.2828477496882439,0.724474245656812,23.265217474411724,77.35011725244144
31.35111089000003,-0.0228918476991357,0.1849546746042484,23.185061696718293,77.43868310637559
28.835448170000006,-0.0465592450814564,0.1245456284675722,23.18633936703152,77.42624418955688
31.229771180000057,0.0220437138053428,0.420238741182854,23.186147602954833,77.40235467058277
28.81494005000002,0.0033998186763372,0.5120357634112792,23.211478931864782,77.38412042048606
34.88876159000006,0.152289156626506,0.2043820609380349,23.304723950702076,77.42272996880125
31.142611670000008,-0.1085582998276852,0.6959578207381371,23.2917692964761,77.34388714793106
30.108660620000023,0.1101741022850924,0.1076870978665763,23.256040486854396,77.40273583061332
29.40113048000001,-0.0931849791376912,0.0856353591160221,23.30548876473336,77.36908802212687
30.300069740000023,-0.1512320448440967,0.6943966998968718,23.20408392024957,77.44873506261153
32.46025838000003,-0.1318656882366022,0.5666358879655279,23.297512254089593,77.4204718300375
32.17314470000002,-0.0230649811488134,0.4483516483516483,23.188475223018006,77.355608066998
30.814481750000027,-0.1199723406707387,0.4898053043078338,23.211982586434942,77.34862328206701
30.08815249999998,-0.1758771929824561,0.5596276905177429,23.314306794725702,77.38722652228743
31.14090266000005,0.1004994518211718,0.1169263348963848,23.268616664643933,77.42933966079623
29.954849720000027,0.2399967402819656,0.2235633691944371,23.23319323154304,77.46169304975541
31.093050380000022,0.0194491287240022,0.2942573082059653,23.276760054214055,77.3585677576893
32.65679453000001,-0.0206611570247933,0.3867747972551466,23.304094180722007,77.41733332488161
31.595499320000044,-0.1364452423698384,0.4431461954972926,23.310190339044183,77.46352130531349
33.41046793999999,0.085993553083082,0.0873330034636318,23.233938127089896,77.42916379961767
28.52269934000003,-0.0547682880122558,0.4085155350978136,23.18030519101303,77.45054472800915
29.638682870000025,-0.1756695415342714,0.6043774519925665,23.217056499931196,77.38030929552266
33.05670286999998,-0.2002176278563656,0.5946219459303166,23.227419214609924,77.3832367156642
27.305884220000053,-0.4340031283840693,0.7054951345163136,23.262610160337783,77.31729883970222
31.97831756000005,0.0616587060356057,0.3439054726368159,23.314389828351953,77.45483649220455
31.228062170000044,0.0659798871719401,0.1108518086347724,23.335894739639077,77.39172080796357
32.60039720000003,-0.1255713901586448,0.559612518628912,23.288716949072793,77.32569800035964
31.417762280000034,-0.1718878329226798,0.5773847125710676,23.212688410695726,77.3736309931683
34.11116204000001,-0.0124046887447365,0.3101620029455081,23.28227048681472,77.42536291761326
23.09659259,-0.2178877259752616,-0.0054390054390054,23.26355668063306,77.35263507124529
31.797162500000013,0.1165893927400203,0.0930460333006856,23.290075831823835,77.40158704634
29.85230912000003,-0.1394458211308853,0.5345873786407767,23.325577666175608,77.43331871326225
31.699748930000055,-0.1418376449598572,0.6981757877280266,23.30943828491539,77.40097696193756
31.301549600000044,0.0024118738404452,0.2319853362355367,23.18071331553864,77.44084939040364
30.20607418999998,0.0975969645868465,0.4222591362126245,23.18101428601796,77.36764916714584
32.05864102999999,-0.078913873568095,0.5729086129580949,23.212044414683035,77.36149200821504
30.631617679999977,-0.2584004716054234,0.5160984848484849,23.324457211890554,77.46211589305936
33.072083959999986,-0.0323353293413173,0.4402673350041771,23.3429744608967,77.42199464719313
32.56963502000002,-0.0535189178592432,0.2845703358431935,23.212405972020857,77.36080034267971
33.59675003000001,-0.0500472143531633,0.5059588299024919,23.20176410141494,77.34649925788304
31.70145794000001,-0.0369138676421682,0.508223153821348,23.235995136020374,77.48328465725605
27.357154519999995,0.0856691669956573,0.2338838572189664,23.283775666512245,77.44027611356842
31.69291289,0.0525345622119815,0.2601900091939932,23.30364732505798,77.41207310764023
31.745892200000014,0.0925038007250614,0.2301838934686113,23.264176788141175,77.44543784824198
31.055452160000016,-0.1897390535161432,0.4961067853170189,23.325892089983505,77.35697046181836
28.44066686000002,-0.0168946098149637,0.4238815577727711,23.25759449770167,77.36854352316263
31.09988642000002,0.053297199638663,0.1380701210052745,23.237129675951305,77.49959978048376
32.11845638,-0.0013098236775818,0.2744293408566299,23.264533533155024,77.4616327726621
30.69997808000005,-0.0575241601472618,0.4609027336300063,23.33692989334167,77.40758058568295
30.04030022000001,-0.1929002009377093,0.4914166085136078,23.21428848707597,77.49197010875085
33.70099964000002,0.0482222222222222,0.1638586956521739,23.257804605326537,77.4345030840834
29.452400780000005,-0.2784252276956224,0.6663262701046719,23.263332921144464,77.33247821314464
30.83328086000006,-0.0651896037494674,0.3085579691180319,23.33257951183305,77.40982827884206
31.52030288000003,-0.1222847948511665,0.5608391608391609,23.343990791056207,77.41408322778683
30.70681411999999,-0.0394859813084112,0.2727792876555571,23.21474521574792,77.43232201766938
30.67605193999998,-0.1320522042955503,0.4731211553891414,23.223511332648588,77.42151420939969
33.16095247999999,-0.0128316930360034,0.3312592107417717,23.223605287524475,77.43975433949379
22.07802263000002,-0.2578444747612551,-0.1579908675799086,23.255968259869835,77.314749080116
33.95393311999999,0.1056634609340624,0.0019718309859154,23.243903114354097,77.46169202719061
29.144778980000012,-0.0197971994205697,0.3986754966887417,23.30411271114116,77.45718843492827
29.21313938000003,-0.1750165526373868,0.5082152974504249,23.339324914927943,77.41695967462744
30.06422636000002,-0.0627557980900409,0.4661229611041405,23.33616236675831,77.45930885175915
31.88774003000003,0.0966538672517827,0.2236587903105959,23.177074243348866,77.41601004339869
29.64039188000004,-0.0221001700013077,0.6125438415514751,23.187031988415892,77.39822882739647
34.129961149999986,0.1421643695763144,0.1500427715996578,23.28395354578393,77.4070001997285
30.019792100000014,-0.114915471859619,0.5589467384799521,23.281321515856305,77.38596906481112
29.63184683000003,0.0237352245862884,0.2270026146898027,23.259580032801285,77.48468737766507
31.41092623999998,-0.2108380868802106,0.6270636792452831,23.20694438154605,77.4169553984218
34.52816048,-0.1839802834257548,0.6213297333783327,23.22920936741222,77.40257005564364
23.906663330000015,-0.4557124518613607,0.0216216216216216,23.27695195479884,77.49123392974548
30.489769850000016,-0.0505174530784073,0.254766394301278,23.295489836133378,77.35680891527834
22.43178770000003,-0.4337811900191938,0.1395881006864988,23.247645727096216,77.31342414694845
33.01739564000002,0.0746492985971944,0.2272425249169435,23.321702114159613,77.44838095250597
33.184878620000006,-0.0218487394957983,0.4276489580275902,23.316798896174777,77.37209329571068
32.07744014000002,0.0663271801400381,0.2260113674356402,23.261738460751776,77.44740947568631
33.28058318000001,0.0982575024201355,0.1691245685597741,23.299951676037477,77.34748399526124
34.34187839000003,0.1125124460670428,0.1600867678958785,23.28479391797655,77.41082952233832
28.70385440000001,-0.120510941262695,0.5756772673733804,23.204264350377787,77.4075171795797
23.147862890000056,-0.2888888888888888,-0.2204301075268817,23.241629989945764,77.34923940430583
31.13064860000003,-0.0884637241901875,0.3795918367346939,23.287355624057252,77.42678228094523
31.99882567999998,-0.0436028659160696,0.503834808259587,23.322543390633232,77.47390217966748
24.45354653000004,-0.5186827105763141,0.1237113402061855,23.264609986681435,77.49183197386466
30.29323370000003,-0.0585397939048454,0.4326409495548961,23.32637350017615,77.37975643627995
35.211764480000056,0.0815899581589958,0.2211404728789986,23.198497103124605,77.34222974413883
31.672404770000018,-0.036475981662348,0.4903983949555747,23.3163441397004,77.40752320876244
31.46390555000005,-0.0180048661800486,0.3727034120734908,23.31362657188158,77.47440067096288
22.753081580000018,-0.2925170068027211,-0.1753472222222222,23.24282858394501,77.34797545414871
32.60894225000004,-0.0718757245536749,0.2838100527631214,23.26952594380695,77.41371131954594
32.303029460000005,0.0649263721552878,0.1628745837957824,23.261914896816872,77.47154352388623
34.010330450000026,-0.060861197979312,0.37425989404799,23.230561651504058,77.3947975154436
31.85868686000003,-0.1541171290180537,0.6365906962222916,23.30979189013909,77.40437709182852
31.46561456000001,-0.0905263157894736,0.5738701101405241,23.30513218393176,77.40757620230694
34.79305703,0.0872458410351201,0.1271399223921479,23.290969823141182,77.40700356187867
31.075960280000004,0.1391916439600363,0.3876281112737921,23.18685934766999,77.37815772120835
30.8401169,-0.1088479865458282,0.3578947368421052,23.18411167801649,77.40860674054298
34.04280163999999,0.0195953141640042,0.3574166912415217,23.258429776798792,77.4754794023033
22.900056440000014,-0.2691218130311614,-0.1927927927927928,23.25451078596987,77.32902816966798
33.037903760000006,-0.0466981132075471,0.4197056941778631,23.17930350202056,77.44688967076267
28.996095110000056,-0.220769080616826,0.572542117173749,23.310612705321045,77.39360555415645
29.534433260000014,-0.0290351668169522,0.4061113849186791,23.290983346642847,77.44109358421049
31.28104148,0.0167921250723798,0.1885207652823145,23.32442666239032,77.3702427983774
22.63515989000001,-0.2810810810810811,-0.169877408056042,23.255534204445496,77.33755365785784
34.69393445000003,0.0874221668742216,0.1747354921449182,23.298692239032658,77.34843936757022
29.96681279000001,-0.0341453869484394,0.4168900804289544,23.261476540042384,77.44460173296385
32.950744250000014,0.0641541393182299,0.247178329571106,23.339087684447698,77.39423754915974
29.237065519999987,-0.1135807957323849,0.4705019078368065,23.319932326573294,77.39059323602508
32.09794826000001,-0.0114610420880285,0.3644276991035468,23.19661113888356,77.34556205931501
30.61281857000006,0.0874814657911459,0.1026362938315843,23.29797190031044,77.39469929148298
30.018083090000005,0.0495395733768504,0.2386449946832751,23.261640583471777,77.4988287460897
32.79693335000002,0.0579262007833436,0.1105710814094775,23.30276163500592,77.41047540356622
35.41513667000004,0.0551913723831676,0.2515406162464986,23.280583988623427,77.34423666709839
33.21222278000005,-0.1303816046966732,0.4754150702426564,23.237917809857155,77.41491700088163
31.983444589999976,0.0138181818181818,0.3112308329879817,23.215097918685593,77.36863108500619
23.31363686000003,-0.1485714285714285,-0.2350142721217887,23.200854018711254,77.3917006539685
30.086443490000025,-0.1328362330847832,0.5453004332265964,23.242923414607752,77.44952847343615
24.328788799999984,-0.3868092691622103,0.1699248120300752,23.237185769245116,77.33863788553106
28.001451289999977,-0.148512709572742,0.6580262336039975,23.211269882499995,77.46629331656912
28.442375869999974,-0.0485849056603773,0.5362819626814098,23.221099104691795,77.46964886060601
33.400213880000024,0.094085197670855,0.359392963899747,23.29783250504636,77.47120061465301
31.40409020000004,-0.0090718771807397,0.4813044220590746,23.17283619462612,77.41099765019568
30.98709176,-0.0692399522483088,0.4031331592689295,23.2945729854185,77.43368491299647
27.591288889999987,-0.0130543099152964,0.2205546884379877,23.189845488832333,77.46381300977242
31.75272824000001,-0.0968536558056208,0.5161739668781923,23.240101660638093,77.42901191207945
32.834531570000024,0.0956360259981429,0.1276410998552822,23.293144963870045,77.41068455448057
27.56223571999999,-0.4323114019979331,0.7858906904327284,23.27112968807371,77.48747631109667
30.56496629000003,0.038830808619586,0.2115100174801667,23.24400382442497,77.49770140429274
32.95416226999998,0.1002189248358063,0.1263702801461632,23.228836467182912,77.43578079687312
27.06662282000002,-0.1476501788577772,0.6888727536758033,23.22118329652815,77.45446130313651
29.94801368000003,-0.1686942416869424,0.4456985201906195,23.3276911206757,77.43477290263067
33.48224635999998,-0.1485128617363344,0.6286691365061271,23.22178108479285,77.35191141728977
30.27614360000001,-0.0599432292536316,0.1265306122448979,23.307861347544513,77.35212394767635
23.14444487000003,-0.3550065019505852,-0.1280334728033473,23.24469980412021,77.3414872426899
29.876235260000044,-0.1343179439469705,0.7452138128466631,23.29147035675653,77.36062437200273
26.675259530000005,-0.2880817703681651,0.7025183630640084,23.27171651953896,77.3515041918514
27.840804349999985,-0.1078337073848455,0.5215030089534713,23.190589983850188,77.46551066550556
32.04667796000001,-0.2147793726741095,0.5785837651122625,23.289574049987824,77.47431342391059
28.96191491000002,-0.0582104446169198,0.5687047994740303,23.183210713941627,77.36652909197575
31.27762346000003,0.0820261046581247,0.2631405503377821,23.185722995642163,77.43117880714759
33.253239020000024,-0.0744093618900419,0.4621394230769231,23.28058239898517,77.4712037194146
27.613506020000045,0.0316610925306577,0.3514859187801462,23.19299432778931,77.45404424639253
28.179188329999988,-0.142671292281006,0.4795058955642897,23.33062425248348,77.41507822646122
37.27624856,0.1879860996193943,0.2986634908032288,23.287728781616018,77.33393487401366
31.339147819999994,0.0542785396948039,0.0510948905109489,23.269740698743018,77.45868178949944
23.49479192000001,-0.1783893985728848,-0.1262282690854119,23.245394258265687,77.38789436749293
32.070604100000025,0.15012794995735,0.1691766086446313,23.2363591136609,77.39774296872326
28.43895785000001,0.0152082874145911,0.0933115823817292,23.24237190437512,77.3866719623241
29.82496495999999,0.0329966329966329,0.2368647717484927,23.171629219630574,77.41710633876913
22.536037309999983,-0.2960199004975124,-0.2063975628332064,23.25437316947412,77.379058664745
29.662609009999983,-0.0503441760021595,0.5154819863680623,23.24737943719775,77.4540650108948
30.713650160000043,0.0609823096363037,0.1556457065584854,23.280442920248355,77.3976376936044
29.083254620000048,-0.2525466893039049,0.558078141499472,23.32429339833763,77.3793733879397
28.493646170000034,0.0021891418563922,0.2284058752189731,23.20881681173303,77.42611248102787
30.79739165000001,-0.1939759036144578,0.5480343660505077,23.33009616615098,77.36239304168468
30.67946996000001,-0.0069194575145308,0.2639258830341633,23.29086946163315,77.3828048789845
32.60210620999999,-0.0287335934728627,0.3140009062075215,23.296200728071845,77.3444336624353
28.779050840000025,0.1367773362389437,0.2153040967334416,23.284604493291805,77.39495732478908
32.287648370000056,0.0678428227746591,0.3339453752582051,23.19255657812097,77.40985363256851
33.60529508000002,0.1012859413379569,0.1539888682745825,23.255969982354316,77.4508331179578
22.79922485000003,-0.2777777777777778,-0.2215384615384615,23.25435704713951,77.3811236769942
29.936050610000052,0.0203766934684436,0.1074585979330095,23.251928868615767,77.49642960921412
32.043259939999984,-0.0257183041993168,0.4088588381399199,23.21438507343005,77.36870480341491
31.872358940000023,0.0135002934846409,0.1088629865845612,23.283390734781232,77.45783213538911
26.456506250000015,-0.131703844328429,0.5115689381933439,23.199285004285123,77.46796146886902
27.48874828999999,-0.2121775505461306,0.6924075275794939,23.235312001442324,77.3462768937383
32.761044140000024,-0.0707982762158834,0.392952482648158,23.268277595058024,77.4756567126764
33.037903760000006,0.0527119938884644,0.4114968696642003,23.31819849084516,77.3593990637694
29.115725810000015,0.1040312093628088,0.1614969656102494,23.195355568203688,77.46098275100937
32.226124010000035,0.1384751186141454,0.391304347826087,23.18691370268331,77.3773918643049
29.160160070000018,-0.2143043591751501,0.5548128342245989,23.284142501148107,77.48276779329096
29.809583869999983,-0.2603147596767333,0.5545645330535152,23.210993776184377,77.49014764731639
25.39862906000002,-0.2385290148448043,0.4907614213197969,23.246216540700615,77.3903069684725
26.78976320000004,-0.2627629639555138,0.6253880648499482,23.22694012866302,77.34962709940898
32.12700143000001,0.0687309406521229,0.1540697674418604,23.29337146652745,77.41200011412141
31.639933580000047,-0.1494972067039106,0.4364702597039933,23.31313065019059,77.45955058431791
26.44796120000001,-0.2549550658623661,0.7138533960995292,23.229901636471777,77.46758514388205
32.62090532000002,-0.1694532309082693,0.5322676139727649,23.337451801722708,77.44095714966797
29.84889110000006,-0.0386563583044521,0.4239766081871345,23.3367484937243,77.45463642512186
29.56861346000005,-0.1521453328552647,0.4860490211191614,23.189045360610912,77.44282272767076
29.160160070000018,-0.2710983298307709,0.730722891566265,23.23936159788839,77.45718809054354
34.26497294000001,0.0091426249492076,0.4335684891240446,23.26694372812394,77.46492895108118
32.46880342999998,0.1299063053937705,0.0816936880214072,23.27337688616465,77.40114220854097
30.688015010000015,0.0824706292892869,0.0850068775790921,23.270568495192688,77.43044314610984
31.72709309000004,0.1182299443464096,0.1843208751139471,23.267421473370163,77.40362353486782
31.157992760000013,0.0047691527143581,0.3441140194600521,23.222936266108466,77.38614246062453
33.06182990000002,0.0676007866273353,0.1074452554744525,23.263608778936117,77.46598420151057
29.34815117000005,-0.0966442953020134,0.3792909397861564,23.324968706921652,77.45562924755228
29.486580979999985,-0.1370533529123837,0.595467032967033,23.32221335219787,77.34419235573988
35.996200069999986,0.1206225680933852,0.1251555801410593,23.205754103334527,77.44018528228925
32.07744014000002,0.0368988391376451,0.2073804573804573,23.300086102254216,77.35223964074618
30.373557170000023,0.050375939849624,0.1683626271970398,23.284107585686144,77.39717213128739
29.008058180000035,-0.0177965229914617,0.1664701721292148,23.238709915385783,77.50238774724245
30.06080833999999,-0.0675979047143926,0.4242928452579035,23.23214475731513,77.4254651523004
30.067644380000047,0.0534082149543001,0.2272986864648772,23.21813332722629,77.4686768249488
32.514946699999996,-0.1195732701140909,0.3897369873091778,23.218607932100223,77.41441379128692
32.32353757999999,-0.0404260469619946,0.3837733419188667,23.32437435851,77.47663880607404
29.89503437000002,0.0457691448984148,0.2762018512988952,23.32656529032463,77.45543718106126
30.32741390000001,0.0555196901226597,0.2757793764988009,23.19581408822977,77.45566003309858
31.85868686000003,-0.0303851364428101,0.4883980989656136,23.315705956390268,77.34238827801786
31.39383614000002,-0.130980027868091,0.6833736605599724,23.299284296463387,77.35515342343753
29.53785128000004,-0.2183712523920901,0.5345474022495983,23.31345525482807,77.42582318560287
23.544353210000057,-0.5043536503683858,0.4810418727332674,23.227995408773246,77.35066646646568
30.306905780000022,-0.0462240364989794,0.4777005256910293,23.214972087498555,77.46928053399103
25.87031582000003,-0.2455051369863013,0.5999450096233159,23.283801644356345,77.43425921089677
35.09896981999998,0.0409171773077683,0.4389086595492289,23.318135654294185,77.36337786486125
28.389396560000023,-0.0324800161894161,0.1420257414661443,23.187588187304407,77.4603015246238
30.74953936999998,0.011778798163306,0.3658940397350993,23.291031519935416,77.44703924669255
31.45877852000001,0.0322250639386189,0.033879781420765,23.26968343587114,77.45867123655432
30.459007670000005,-0.0671973776633107,0.3755847291383733,23.269909712970954,77.32051609030171
29.117434820000028,-0.1400384985563041,0.5686144678033438,23.18080310480799,77.45135650396959
32.27568530000002,-0.2017505470459518,0.659214501510574,23.305837286923936,77.40708791424922
34.10261699,0.1678587196467991,0.3657971014492753,23.2812834867688,77.33569875557698
30.97854671000005,-0.0440069484655471,0.4458700882117081,23.23518142607996,77.40249426801074
23.168371009999987,-0.4617814276689829,0.1903292181069958,23.260110946264735,77.34382772313992
30.96658364000001,0.0353623188405797,0.1732079905992949,23.293373671058692,77.39300501683515
33.21393179000006,0.048829431438127,0.2539682539682539,23.295712423138845,77.33129647209194
29.448982760000035,0.0091765873015873,0.5315315315315315,23.247560054296535,77.45256866831095
34.02571154000003,-0.0438404208680403,0.5966471081307628,23.269480484053204,77.42218901151104
29.74464149000005,0.0061133561288985,0.1470939966515188,23.275277854891304,77.36725119907001
35.187838339999985,-0.0126067507116714,0.3457640859343332,23.205112707987418,77.33577090379083
23.195715170000028,-0.1438356164383561,-0.2916224814422057,23.1979642431827,77.38929101046348
28.917480650000016,0.1467522052927025,-0.0309653916211293,23.21135405681435,77.37938672507465
